농장아이디,개체 구별 번호,교배일,분만일,설정량,섭취량
PF_0020239,200,20210516,20210907,5.2,4.5
PF_0020239,200,20210516,20210907,5.3,2.1
PF_0020239,200,20210516,20210907,4.7,3.5
PF_0020239,200,20210516,20210907,5.2,3.4
PF_0020239,284,20210528,20210919,0.6,0.6
PF_0020239,284,20210528,20210919,1.2,2.6
PF_0020239,284,20210528,20210919,1.7,1.8
PF_0020239,284,20210528,20210919,1.2,1.6
PF_0020239,295,20210524,20210918,1.5,2.2
PF_0020239,295,20210524,20210918,2.1,2.4
PF_0020239,295,20210524,20210918,2,1.6
PF_0020239,295,20210524,20210918,1.5,3.2
PF_0020239,298,20210523,20210914,2.7,3.2
PF_0020239,298,20210523,20210914,3.7,3.7
PF_0020239,298,20210523,20210914,4.3,4.2
PF_0020239,298,20210523,20210914,3.1,2.7
PF_0020239,302,20210510,20210902,3.7,4
PF_0020239,302,20210510,20210902,4.4,4.6
PF_0020239,302,20210510,20210902,4.3,3.9
PF_0020239,302,20210510,20210902,3.7,4.1
PF_0020239,220,20210517,20210906,3.1,3.8
PF_0020239,220,20210517,20210906,2.6,4.1
PF_0020239,220,20210517,20210906,3.2,3.2
PF_0020239,220,20210517,20210906,3.4,2.9
PF_0020239,226,20210517,20210907,4.9,5
PF_0020239,226,20210517,20210907,4.9,3.7
PF_0020239,226,20210517,20210907,4.4,3.7
PF_0020239,226,20210517,20210907,4.5,2
PF_0020239,228,20210516,20210907,3.8,4.8
PF_0020239,228,20210516,20210907,4.1,3.3
PF_0020239,228,20210516,20210907,4.1,3.1
PF_0020239,228,20210516,20210907,4,5.1
PF_0020239,239,20210516,20210905,5.7,3.9
PF_0020239,239,20210516,20210905,5.2,6.2
PF_0020239,239,20210516,20210905,6.5,5.5
PF_0020239,239,20210516,20210905,6,6.8
PF_0020239,242,20210516,20210906,3.4,4.5
PF_0020239,242,20210516,20210906,2.8,4.5
PF_0020239,242,20210516,20210906,4,5.7
PF_0020239,242,20210516,20210906,4.4,4.6
PF_0020239,75,20210516,20210907,6.3,6.3
PF_0020239,75,20210516,20210907,6.5,4.7
PF_0020239,75,20210516,20210907,6.4,2.4
PF_0020239,75,20210516,20210907,6.2,6.3
PF_0020239,77,20210516,20210907,5,3.8
PF_0020239,77,20210516,20210907,4.9,5.7
PF_0020239,77,20210516,20210907,4.8,5.7
PF_0020239,77,20210516,20210907,5.2,3.6
PF_0020239,85,20210523,20210914,3.9,4.2
PF_0020239,85,20210523,20210914,3.3,4
PF_0020239,85,20210523,20210914,2.7,3.3
PF_0020239,85,20210523,20210914,4.5,5.6
PF_0020239,93,20210523,20210911,5.9,6.4
PF_0020239,93,20210523,20210911,4.5,5
PF_0020239,93,20210523,20210911,5.7,6.4
PF_0020239,93,20210523,20210911,5.1,6.5
PF_0020239,132,20210517,20210905,6.4,6.6
PF_0020239,132,20210517,20210905,6.5,5
PF_0020239,132,20210517,20210905,6.4,7.8
PF_0020239,132,20210517,20210905,7,6.9
PF_0020239,137,20210524,20210915,2,2.9
PF_0020239,137,20210524,20210915,2.7,4.1
PF_0020239,137,20210524,20210915,3.3,4.6
PF_0020239,137,20210524,20210915,3.9,4.7
PF_0020239,141,20210529,20210919,1.9,2.2
PF_0020239,141,20210529,20210919,0.6,0.6
PF_0020239,141,20210529,20210919,1.4,2
PF_0020239,141,20210529,20210919,1.4,1.8
PF_0021299,10,20210503,20210921,1.4,6.8
PF_0021299,10,20210503,20210921,1.8,1.6
PF_0021299,15,20210524,20210915,3.2,3.2
PF_0021299,15,20210524,20210916,4.1,4
PF_0021299,15,20210524,20210915,3.2,3.2
PF_0021299,15,20210524,20210916,5,4.8
PF_0021299,15,20210524,20210916,3.2,3.2
PF_0021299,15,20210524,20210915,3.2,3.2
PF_0021299,15,20210524,20210916,5.4,5.6
PF_0021299,15,20210524,20210916,2.8,2.8
PF_0021299,15,20210524,20210916,5.9,6
PF_0021299,15,20210524,20210916,3.6,3.6
PF_0021299,26,20210526,20210918,2.8,2.8
PF_0021299,26,20210526,20210918,2.3,2.4
PF_0021299,26,20210526,20210918,3.2,3.2
PF_0021299,26,20210526,20210918,4.6,4.4
PF_0021299,26,20210526,20210918,5,4.8
PF_0021299,26,20210526,20210918,1.8,2
PF_0021299,26,20210526,20210918,4.1,4
PF_0021299,38,20210517,20210909,6.8,6.8
PF_0021299,38,20210517,20210909,5.9,6
PF_0021299,38,20210517,20210908,1.4,1.6
PF_0021299,38,20210517,20210908,1.4,1.6
PF_0021299,38,20210517,20210908,1.4,1.6
PF_0021299,38,20210517,20210909,7.2,7.2
PF_0021299,38,20210517,20210909,8.2,8
PF_0021299,38,20210517,20210909,9,9.2
PF_0021299,38,20210517,20210909,6.4,6.4
PF_0021299,38,20210517,20210909,8.6,8.8
PF_0021299,45,20210524,20210915,3.2,3.2
PF_0021299,45,20210524,20210916,5,4.8
PF_0021299,45,20210524,20210916,4.1,3.6
PF_0021299,45,20210524,20210916,3.6,3.6
PF_0021299,45,20210524,20210916,2.8,2.7
PF_0021299,45,20210524,20210915,3.2,3.2
PF_0021299,45,20210524,20210916,3.2,2.3
PF_0021299,45,20210524,20210915,3.2,3.2
PF_0021299,45,20210524,20210916,5.4,5.6
PF_0021299,45,20210524,20210916,5.9,6
PF_0021299,47,20210528,20210917,2.3,2.4
PF_0021299,47,20210528,20210917,3.6,3.6
PF_0021299,47,20210528,20210917,5,4.8
PF_0021299,47,20210528,20210917,5.4,5.6
PF_0021299,47,20210528,20210917,3.2,3.2
PF_0021299,47,20210528,20210917,4.6,4.4
PF_0021299,47,20210528,20210917,2.8,2.8
PF_0021299,50,20210525,20210915,3.8,4
PF_0021299,50,20210525,20210915,2.8,2.8
PF_0021299,50,20210525,20210915,3.2,2.7
PF_0021299,50,20210525,20210915,3.5,3
PF_0021299,52,20210524,20210915,3.2,3.2
PF_0021299,52,20210524,20210916,3.6,3.6
PF_0021299,52,20210524,20210916,5,4.8
PF_0021299,52,20210524,20210916,2.8,2.8
PF_0021299,52,20210524,20210916,4.1,4
PF_0021299,52,20210524,20210915,3.2,3.2
PF_0021299,52,20210524,20210915,3.2,3.2
PF_0021299,52,20210524,20210916,3.2,3.2
PF_0021299,52,20210524,20210916,5.4,5.6
PF_0021299,52,20210524,20210916,5.9,6
PF_0021299,57,20210511,20210903,8.6,8.8
PF_0021299,57,20210511,20210903,9,9.2
PF_0021299,57,20210511,20210903,9.5,7.8
PF_0021299,57,20210511,20210903,1.4,1.4
PF_0021299,57,20210511,20210903,2.3,2.4
PF_0021299,57,20210511,20210903,1.8,2
PF_0021299,57,20210511,20210903,10,8.1
PF_0021299,57,20210511,20210903,11.3,6.1
PF_0021299,57,20210511,20210903,10.8,8.1
PF_0021299,57,20210511,20210903,11.8,8.8
PF_0021299,81,20210601,20210923,1.4,1.6
PF_0021299,81,20210601,20210923,1.4,1.6
PF_0021299,81,20210601,20210923,1.8,1.6
PF_0021299,81,20210601,20210923,1.4,1.6
PF_0021299,81,20210601,20210923,1.4,1.6
PF_0021299,81,20210601,20210923,2.3,1.2
PF_0021299,81,20210601,20210923,2.8,2
PF_0021299,114,20210517,20210908,1.4,1.6
PF_0021299,114,20210517,20210909,8.2,8
PF_0021299,114,20210517,20210909,6.8,6.8
PF_0021299,114,20210517,20210909,5.9,6
PF_0021299,114,20210517,20210908,1.4,1.6
PF_0021299,114,20210517,20210909,6.4,6.4
PF_0021299,114,20210517,20210908,1.4,1.6
PF_0021299,114,20210517,20210909,7.2,7.2
PF_0021299,114,20210517,20210909,8.6,7.1
PF_0021299,114,20210517,20210909,9,9
PF_0021299,123,20210608,20210930,1.4,1.6
PF_0021299,123,20210608,20210930,1.4,1.6
PF_0021299,123,20210608,20210930,1.4,1.6
PF_0021299,126,20210511,20210903,8.6,8.8
PF_0021299,126,20210511,20210903,10,10
PF_0021299,126,20210511,20210903,9,9.2
PF_0021299,126,20210511,20210903,1.4,1.5
PF_0021299,126,20210511,20210903,1.8,2
PF_0021299,126,20210511,20210903,2.3,2.4
PF_0021299,126,20210511,20210903,11.8,11.6
PF_0021299,126,20210511,20210903,9.5,9.6
PF_0021299,126,20210511,20210903,10.8,10.8
PF_0021299,126,20210511,20210903,11.3,8.7
PF_0021299,133,20210531,20210922,1.4,1.6
PF_0021299,133,20210531,20210922,1.4,1.6
PF_0021299,133,20210531,20210922,1.4,1.6
PF_0021299,133,20210531,20210923,2.3,2.4
PF_0021299,133,20210531,20210923,1.8,2
PF_0021299,133,20210531,20210923,2.8,2.8
PF_0021299,133,20210531,20210922,1.4,1.6
PF_0020239,49,20210524,20210914,2.7,4.1
PF_0020239,49,20210524,20210914,4.5,4.8
PF_0020239,49,20210524,20210914,3.3,4.5
PF_0020239,49,20210524,20210914,3.9,3.9
PF_0020239,51,20210525,20210915,3.9,4.2
PF_0020239,51,20210525,20210915,2.1,2.8
PF_0020239,51,20210525,20210915,3.3,3.9
PF_0020239,51,20210525,20210915,2.7,4.5
PF_0021299,149,20210524,20210915,3.2,3.2
PF_0021299,149,20210524,20210915,3.2,3.2
PF_0021299,149,20210524,20210915,3.2,3.2
PF_0021299,155,20210512,20210904,1.4,1.4
PF_0021299,155,20210512,20210904,9,6.5
PF_0021299,155,20210512,20210904,10.4,6.1
PF_0021299,155,20210512,20210903,1.4,1.6
PF_0021299,155,20210512,20210904,8.6,6.2
PF_0021299,155,20210512,20210904,1.8,1.6
PF_0021299,155,20210512,20210904,9.5,6.3
PF_0021299,155,20210512,20210904,10.8,6.6
PF_0021299,155,20210512,20210904,8.2,6.3
PF_0021299,155,20210512,20210904,11.3,8.6
PF_0021299,156,20210607,20210929,3.2,3.2
PF_0021299,156,20210607,20210929,3.2,3.2
PF_0021299,156,20210607,20210929,3.2,3.2
PF_0021299,156,20210607,20210929,3.2,3.2
PF_0021299,156,20210607,20210929,1.4,1.6
PF_0021299,156,20210607,20210929,1.4,1.6
PF_0021299,156,20210607,20210929,1.4,1.6
PF_0021299,158,20210518,20210909,5.9,4.5
PF_0021299,158,20210518,20210909,5.6,3.8
PF_0021299,158,20210518,20210909,1.4,1.6
PF_0021299,158,20210518,20210909,6,1.2
PF_0021299,158,20210518,20210909,1.4,1.6
PF_0021299,158,20210518,20210909,1.4,1.6
PF_0021299,158,20210518,20210909,6.4,3.9
PF_0021299,170,20210525,20210916,2.8,2.8
PF_0021299,170,20210525,20210916,5,4.8
PF_0021299,170,20210525,20210916,3.6,3.6
PF_0021299,170,20210525,20210916,3.2,3.2
PF_0021299,170,20210525,20210916,4.1,4
PF_0021299,170,20210525,20210916,5.4,5.6
PF_0021299,170,20210525,20210916,5.9,6
PF_0021299,174,20210517,20210909,5.9,6
PF_0021299,174,20210517,20210908,1.4,1.6
PF_0021299,174,20210517,20210909,6.8,6.6
PF_0021299,174,20210517,20210909,6.4,6.4
PF_0021299,174,20210517,20210908,1.4,1.6
PF_0021299,174,20210517,20210908,1.4,1.6
PF_0021299,174,20210517,20210909,8.2,6.9
PF_0021299,174,20210517,20210909,7.2,7.2
PF_0021299,174,20210517,20210909,9,7.2
PF_0021299,174,20210517,20210909,8.6,7.8
PF_0021299,176,20210605,20210927,1.4,1.6
PF_0021299,176,20210605,20210927,3.2,3.2
PF_0021299,176,20210605,20210927,3.2,3.2
PF_0021299,176,20210605,20210927,1.4,1.2
PF_0021299,176,20210605,20210927,1.4,1.6
PF_0021299,176,20210605,20210927,1.4,1.6
PF_0021299,176,20210605,20210927,1.4,1.6
PF_0021299,177,20210601,20210923,1.4,1.6
PF_0021299,177,20210601,20210923,1.4,1.6
PF_0021299,177,20210601,20210923,1.4,1.6
PF_0021299,177,20210601,20210924,1.8,2
PF_0021299,177,20210601,20210924,2.3,2.4
PF_0021299,177,20210601,20210924,1.4,1.6
PF_0021299,177,20210601,20210923,1.4,1.6
PF_0021299,178,20210607,20210929,1.4,1.6
PF_0021299,178,20210607,20210929,1.4,1.6
PF_0021299,178,20210607,20210929,1.4,1.6
PF_0021299,179,20210531,20210922,1.4,1.6
PF_0021299,179,20210531,20210922,1.4,1.6
PF_0021299,179,20210531,20210923,2.3,2.4
PF_0021299,179,20210531,20210923,2.8,2.8
PF_0021299,179,20210531,20210922,1.4,1.6
PF_0021299,179,20210531,20210923,1.8,2
PF_0021299,179,20210531,20210922,1.4,1.6
PF_0021299,180,20210607,20210929,3.2,3.2
PF_0021299,180,20210607,20210929,1.4,1.6
PF_0021299,180,20210607,20210929,3.2,3.2
PF_0021299,180,20210607,20210929,1.4,1.6
PF_0021299,180,20210607,20210929,3.2,3.2
PF_0021299,180,20210607,20210929,1.4,1.6
PF_0021299,180,20210607,20210929,3.2,3.2
PF_0021299,181,20210601,20210923,1.4,1.6
PF_0021299,181,20210601,20210923,1.4,1.6
PF_0021299,181,20210601,20210923,1.4,1.6
PF_0021299,181,20210601,20210924,1.8,2
PF_0021299,181,20210601,20210924,2.3,2.4
PF_0021299,181,20210601,20210924,1.4,1.6
PF_0021299,181,20210601,20210923,1.4,1.6
PF_0021299,183,20210602,20210924,1.4,1.6
PF_0021299,183,20210602,20210924,1.4,1.6
PF_0021299,183,20210602,20210924,1.4,1.6
PF_0021299,183,20210602,20210924,1.4,1.6
PF_0021299,183,20210602,20210923,1.8,2
PF_0021299,183,20210602,20210923,2.3,2.4
PF_0021299,183,20210602,20210923,2.8,2.8
PF_0021299,187,20210607,20210929,3.2,3.2
PF_0021299,187,20210607,20210929,1.4,1.6
PF_0021299,187,20210607,20210929,3.2,3.2
PF_0021299,187,20210607,20210929,3.2,3.2
PF_0021299,187,20210607,20210929,3.2,3.2
PF_0021299,187,20210607,20210929,1.4,1.6
PF_0021299,187,20210607,20210929,1.4,1.6
PF_0021299,189,20210510,20210901,3.2,3.2
PF_0021299,189,20210510,20210901,3.2,3.2
PF_0021299,190,20210510,20210901,10.4,9
PF_0021299,190,20210510,20210901,10,8.4
PF_0021299,190,20210510,20210901,10.8,6.3
PF_0021299,190,20210510,20210901,3.2,3.2
PF_0021299,190,20210510,20210901,2.8,2.8
PF_0021299,190,20210510,20210901,2.3,2.4
PF_0021299,190,20210510,20210901,12.2,9
PF_0021299,190,20210510,20210901,9.5,6
PF_0021299,190,20210510,20210901,12.6,9.9
PF_0021299,190,20210510,20210901,11.8,8.2
PF_0020239,146,20210530,20210919,2.1,2.6
PF_0020239,146,20210530,20210919,0.7,0.9
PF_0020239,146,20210530,20210919,1.5,1.1
PF_0020239,146,20210530,20210919,1.5,1.5
PF_0020239,153,20210528,20210919,0.7,0.6
PF_0020239,153,20210528,20210919,2.1,2.6
PF_0020239,153,20210528,20210919,1.5,2.3
PF_0020239,153,20210528,20210919,1.5,2.2
PF_0020426,152,20210601,20210923,1.5,1.8
PF_0020426,152,20210601,20210923,1.5,1.8
PF_0020426,152,20210601,20210923,1,0.9
PF_0020426,152,20210601,20210923,1.5,1.5
PF_0020426,152,20210601,20210923,2,2
PF_0020426,152,20210601,20210923,2,2
PF_0020426,152,20210601,20210923,1.5,1.8
PF_0020426,155,20210523,20210914,4,1.7
PF_0020426,155,20210523,20210914,6,2.4
PF_0020426,155,20210523,20210914,4.5,1.5
PF_0020426,155,20210523,20210914,6,2.6
PF_0020426,155,20210523,20210914,5.5,2
PF_0020426,173,20210516,20210907,8,5
PF_0020426,173,20210516,20210907,7,5.7
PF_0020426,173,20210516,20210907,8,5.4
PF_0020426,173,20210516,20210907,7.8,7.3
PF_0020426,173,20210516,20210907,8,7.8
PF_0020426,173,20210516,20210907,8,5.6
PF_0020426,173,20210516,20210907,7.5,6.4
PF_0020426,186,20210519,20210910,7.5,5.3
PF_0020426,186,20210519,20210910,6,5.4
PF_0020426,186,20210519,20210910,6.5,6.5
PF_0020426,186,20210519,20210910,7.8,7.8
PF_0020426,186,20210519,20210910,7,5.2
PF_0020426,186,20210519,20210910,8,6.5
PF_0020426,186,20210519,20210910,5.5,4.6
PF_0020426,195,20210525,20210916,5.5,4.9
PF_0020426,195,20210525,20210916,6,4.1
PF_0020426,195,20210525,20210916,4,4
PF_0020426,195,20210525,20210916,6.5,6.5
PF_0020426,195,20210525,20210916,3,3
PF_0020426,196,20210518,20210909,6,5.2
PF_0020426,196,20210518,20210909,7.8,4.5
PF_0020426,196,20210518,20210909,7.5,3.6
PF_0020426,196,20210518,20210909,8,5.9
PF_0020426,196,20210518,20210909,7,5.1
PF_0020426,196,20210518,20210909,8,4.6
PF_0020426,196,20210518,20210909,6.5,5.2
PF_0020426,13,20210518,20210909,8,6.3
PF_0020426,13,20210518,20210909,7.8,7.6
PF_0020426,13,20210518,20210909,7.5,5.1
PF_0020426,13,20210518,20210909,6.5,5.3
PF_0020426,13,20210518,20210909,6,5.6
PF_0020426,25,20210601,20210923,1,0.6
PF_0020426,25,20210601,20210923,1.5,2
PF_0020426,25,20210601,20210923,1.5,1.5
PF_0020426,25,20210601,20210923,2,2
PF_0020426,25,20210601,20210923,1.5,1.3
PF_0020426,25,20210601,20210923,1.5,2
PF_0020426,25,20210601,20210923,2,0.6
PF_0020426,26,20210525,20210916,2.5,2.5
PF_0020426,26,20210525,20210916,5,5
PF_0020426,26,20210525,20210916,5.5,4.5
PF_0020426,26,20210525,20210916,3.5,3.5
PF_0020426,26,20210525,20210916,4.5,4.5
PF_0020426,39,20210601,20210923,2,2
PF_0020426,39,20210601,20210923,1.5,1.5
PF_0020426,39,20210601,20210923,1.5,2
PF_0020426,39,20210601,20210923,1.5,2
PF_0020426,39,20210601,20210923,1,1
PF_0020426,39,20210601,20210923,1.5,2
PF_0020426,39,20210601,20210923,2,2
PF_0020426,41,20210602,20210924,1,0.4
PF_0020426,41,20210601,20210923,1.6,0.8
PF_0020426,41,20210602,20210924,1.6,0.9
PF_0020426,41,20210602,20210924,1.3,0.8
PF_0020426,41,20210601,20210923,2.2,0.5
PF_0020426,41,20210601,20210923,1.9,0.8
PF_0020426,41,20210603,20210925,1,0.3
PF_0020426,1,20210519,20210910,6.5,5.7
PF_0020426,1,20210519,20210910,7,5
PF_0020426,1,20210519,20210910,7.5,6.3
PF_0020426,1,20210519,20210910,7.8,5.2
PF_0020426,1,20210519,20210910,6,4.7
PF_0020426,1,20210519,20210910,8,6.3
PF_0020426,1,20210519,20210910,5.5,5.5
PF_0020440,235,20210602,20210924,1.5,1.5
PF_0020440,235,20210602,20210924,1.5,1.5
PF_0020440,235,20210602,20210924,1.5,1.5
PF_0020440,235,20210602,20210924,1,1
PF_0020440,235,20210602,20210924,1.5,1.5
PF_0020440,235,20210531,20210922,2.5,2.3
PF_0020440,235,20210531,20210922,3.5,4.1
PF_0020440,323,20210529,20210920,3.5,3.6
PF_0020440,323,20210527,20210918,2,2
PF_0020440,323,20210525,20210916,4,4
PF_0020440,323,20210526,20210917,2.5,2.5
PF_0020440,323,20210526,20210917,2.5,0.8
PF_0020440,323,20210526,20210917,2.5,2.5
PF_0020440,323,20210525,20210916,4.5,4.5
PF_0020440,323,20210529,20210920,4,4
PF_0020440,323,20210529,20210920,4.5,4.5
PF_0020440,323,20210525,20210916,3.5,2.5
PF_0020440,485,20210517,20210908,6,6.1
PF_0020440,485,20210517,20210908,7,7
PF_0020440,485,20210517,20210908,8.5,0
PF_0020440,485,20210517,20210908,6.5,6.5
PF_0020440,485,20210517,20210908,7.5,7.5
PF_0020440,485,20210510,20210901,2.5,2.5
PF_0020440,485,20210510,20210901,3.5,3.5
PF_0020440,485,20210517,20210908,9,0
PF_0020440,485,20210517,20210908,9.5,0
PF_0020440,492,20210521,20210912,5.5,5.2
PF_0020440,492,20210527,20210918,4,3.7
PF_0020440,492,20210526,20210917,3.5,3.2
PF_0020440,492,20210511,20210902,2,1.7
PF_0020440,492,20210511,20210902,2.5,2.2
PF_0020440,492,20210511,20210902,3,2.7
PF_0020440,492,20210527,20210918,4.5,4.2
PF_0020440,492,20210527,20210918,5,4.7
PF_0020440,492,20210518,20210909,5.5,5.2
PF_0020440,492,20210521,20210912,5,4.8
PF_0020440,516,20210511,20210902,11,11
PF_0020440,516,20210511,20210902,9.5,9.5
PF_0020440,516,20210515,20210906,1.5,2
PF_0020440,516,20210515,20210906,1.5,0.8
PF_0020440,516,20210515,20210906,1.5,1.9
PF_0020440,516,20210511,20210902,12,12
PF_0020440,516,20210521,20210912,7,7.6
PF_0020440,516,20210511,20210902,9,9
PF_0020440,516,20210521,20210912,7.5,7.5
PF_0020440,516,20210511,20210902,12,12
PF_0020440,521,20210524,20210915,4.5,5.5
PF_0020440,521,20210524,20210915,3.5,3.5
PF_0020440,521,20210524,20210915,4,4
PF_0020440,521,20210524,20210915,5,5
PF_0020440,521,20210524,20210915,6,6
PF_0020440,521,20210524,20210915,6,6
PF_0020440,521,20210524,20210915,6,6
PF_0020440,524,20210608,20210930,2.5,2.5
PF_0020440,524,20210608,20210930,2.5,2.5
PF_0020440,524,20210608,20210930,2.5,2.5
PF_0020440,524,20210608,20210930,2.5,2.5
PF_0020440,524,20210608,20210930,1.5,1.5
PF_0020440,524,20210608,20210930,2.5,2.5
PF_0020440,525,20210602,20210924,1.5,1.5
PF_0020440,525,20210602,20210924,1.5,1.5
PF_0020440,525,20210602,20210924,1.5,1.8
PF_0020440,525,20210602,20210924,1,1
PF_0020440,525,20210602,20210924,2,2
PF_0020440,525,20210602,20210924,1.5,1.5
PF_0020440,525,20210602,20210924,2,2
PF_0020440,526,20210516,20210907,6.5,6.5
PF_0020440,526,20210523,20210914,6,6
PF_0020440,526,20210516,20210907,7.5,7.5
PF_0020440,526,20210516,20210907,7,7
PF_0020440,526,20210523,20210914,5.5,5.5
PF_0020440,526,20210523,20210914,6,6
PF_0020440,526,20210523,20210914,6.5,6.5
PF_0020440,530,20210518,20210909,1.5,1.6
PF_0020440,530,20210522,20210913,5,5
PF_0020440,530,20210518,20210909,1.5,1.5
PF_0020440,530,20210518,20210909,2.5,1.6
PF_0020440,530,20210522,20210913,7,7
PF_0020440,530,20210522,20210913,5.5,5.5
PF_0020440,533,20210525,20210916,2.5,0.8
PF_0020440,533,20210525,20210916,3.5,3.5
PF_0020440,533,20210525,20210916,2.5,2.5
PF_0020440,533,20210525,20210916,2.5,2.5
PF_0020440,533,20210525,20210916,4.5,4.5
PF_0020440,533,20210525,20210916,6,6
PF_0020440,533,20210525,20210916,2.5,2.4
PF_0020440,533,20210525,20210916,6,6
PF_0020440,533,20210525,20210916,5.5,5.5
PF_0020440,533,20210525,20210916,4,4
PF_0020440,534,20210526,20210917,2,1.5
PF_0020440,534,20210526,20210917,5,5.5
PF_0020440,534,20210526,20210917,2.5,1.3
PF_0020440,534,20210526,20210917,4,3.3
PF_0020440,534,20210526,20210917,5.5,5.5
PF_0020440,534,20210526,20210917,6,6
PF_0020440,534,20210526,20210917,3.5,3.3
PF_0020440,536,20210608,20210930,2.5,2.5
PF_0020440,536,20210608,20210930,2.5,2.5
PF_0020440,536,20210608,20210930,2.5,2.5
PF_0020440,536,20210608,20210930,2.5,2.5
PF_0020440,536,20210608,20210930,1.5,1.5
PF_0020440,536,20210608,20210930,2.5,2.5
PF_0020440,536,20210608,20210930,1.5,1.5
PF_0020440,539,20210520,20210911,5.5,4.4
PF_0020440,539,20210520,20210911,6,3.9
PF_0020440,539,20210520,20210911,6,3.9
PF_0020440,539,20210521,20210912,6,6
PF_0020440,539,20210521,20210912,7,7
PF_0020440,539,20210521,20210912,6.5,6.5
PF_0020440,539,20210521,20210912,7.5,4.9
PF_0020440,541,20210603,20210925,1.5,1.5
PF_0020440,541,20210603,20210925,1.5,1.5
PF_0020440,541,20210603,20210925,1,1
PF_0020440,541,20210603,20210925,2,1.5
PF_0020440,541,20210603,20210925,3,3
PF_0020440,541,20210603,20210925,1.5,1.5
PF_0020440,541,20210603,20210925,1.5,1.8
PF_0020440,558,20210527,20210918,2.5,2.5
PF_0020440,558,20210527,20210918,2,2
PF_0020440,558,20210527,20210918,2,2
PF_0020440,558,20210527,20210918,3.5,3.5
PF_0020440,558,20210527,20210918,5,5
PF_0020440,558,20210530,20210921,4,4.1
PF_0020440,558,20210527,20210918,4.5,4.5
PF_0020440,576,20210524,20210915,4,4
PF_0020440,576,20210524,20210915,5.5,5.5
PF_0020440,576,20210524,20210915,5,5
PF_0020440,576,20210519,20210910,3,0.9
PF_0020440,576,20210524,20210915,4.5,4.5
PF_0020440,576,20210519,20210910,3,3
PF_0020440,576,20210519,20210910,1.5,1.5
PF_0020440,576,20210527,20210918,5.5,5.5
PF_0020440,576,20210527,20210918,5,5.1
PF_0020440,576,20210527,20210918,6,6
PF_0020440,579,20210518,20210909,6.5,6.5
PF_0020440,579,20210518,20210909,2.5,1.6
PF_0020440,579,20210518,20210909,6,6
PF_0020440,579,20210518,20210909,1.5,1.5
PF_0020440,579,20210525,20210916,6,6
PF_0020440,640,20210602,20210924,1.5,1.5
PF_0020440,640,20210602,20210924,1.5,1.5
PF_0020440,640,20210602,20210924,1,1
PF_0020440,640,20210602,20210924,1.5,1.5
PF_0020440,640,20210602,20210924,2,2
PF_0020440,640,20210602,20210924,1.5,1.5
PF_0020440,640,20210602,20210924,2,2
PF_0020440,331,20210603,20210925,1.5,1.5
PF_0020440,331,20210603,20210925,1.5,1.5
PF_0020440,331,20210603,20210925,1.5,1.5
PF_0020440,331,20210603,20210925,1,1
PF_0020440,331,20210604,20210926,1,1
PF_0020440,331,20210603,20210925,2.5,2.5
PF_0020440,331,20210603,20210925,1.5,1.8
PF_0020440,354,20210525,20210916,2.5,2.5
PF_0020440,354,20210530,20210921,1,1
PF_0020440,354,20210526,20210917,2.5,2.5
PF_0020440,354,20210525,20210916,3.5,1.9
PF_0020440,354,20210526,20210917,2.5,0.8
PF_0020440,354,20210526,20210917,2.5,2.5
PF_0020440,354,20210528,20210919,4,3
PF_0020440,354,20210530,20210921,2,2
PF_0020440,354,20210528,20210919,4.5,4.5
PF_0020440,354,20210528,20210919,5,5
PF_0020440,359,20210510,20210901,2,1.2
PF_0020440,359,20210513,20210904,2,1.7
PF_0020440,359,20210514,20210905,12,0
PF_0020440,359,20210514,20210905,8.5,0
PF_0020440,370,20210513,20210904,8,8
PF_0020440,370,20210513,20210904,9,9
PF_0020440,370,20210513,20210904,12,0
PF_0020440,370,20210513,20210904,8.5,8.5
PF_0020440,370,20210513,20210904,9.5,9.5
PF_0020440,370,20210513,20210904,12,0
PF_0020440,397,20210608,20210930,2.5,2.5
PF_0020440,397,20210608,20210930,2.5,2.5
PF_0020440,397,20210608,20210930,2.5,2.5
PF_0020440,397,20210608,20210930,2.5,2.5
PF_0020440,397,20210608,20210930,2.5,2.5
PF_0020440,397,20210608,20210930,1.5,1.5
PF_0020440,433,20210527,20210918,2,2
PF_0020440,433,20210527,20210918,3,3
PF_0020440,433,20210527,20210918,5,5
PF_0020440,433,20210525,20210916,3,0.9
PF_0020440,433,20210525,20210916,3,3
PF_0020440,433,20210525,20210916,3,3.3
PF_0020440,433,20210527,20210918,4,4
PF_0020440,433,20210531,20210922,3,3
PF_0020440,433,20210602,20210924,2.5,2.6
PF_0020440,433,20210527,20210918,2.5,2.5
PF_0020440,434,20210526,20210917,2.5,2.5
PF_0020440,434,20210526,20210917,4.5,4.5
PF_0020440,434,20210526,20210917,4,4
PF_0020440,434,20210526,20210917,5.5,5.5
PF_0020440,434,20210526,20210917,3,3
PF_0020440,434,20210526,20210917,3,0.9
PF_0020440,434,20210526,20210917,3,3
PF_0020440,434,20210526,20210917,6,6
PF_0020440,434,20210526,20210917,6.5,6.5
PF_0020440,434,20210526,20210917,3,3
PF_0020440,441,20210513,20210904,8,8
PF_0020440,441,20210513,20210904,9.5,9.5
PF_0020440,441,20210513,20210904,9,9
PF_0020440,441,20210513,20210904,12,0
PF_0020440,441,20210513,20210904,8.5,8.5
PF_0020440,441,20210513,20210904,12,0
PF_0020440,441,20210513,20210904,12,0
PF_0020440,449,20210526,20210917,3.5,3.7
PF_0020440,449,20210518,20210909,1.5,1.9
PF_0020440,449,20210527,20210918,4.5,4.5
PF_0020440,449,20210518,20210909,1.5,2.9
PF_0020440,449,20210518,20210909,2.5,1.6
PF_0020440,449,20210527,20210918,3.5,3.5
PF_0020440,449,20210527,20210918,5,3.3
PF_0020440,449,20210520,20210911,5.5,3.7
PF_0020440,449,20210523,20210914,4.5,4.5
PF_0020440,449,20210527,20210918,5.5,3.7
PF_0020440,296,20210602,20210924,1.5,1.5
PF_0020440,296,20210602,20210924,1,1
PF_0020440,296,20210602,20210924,1.5,1.5
PF_0020440,296,20210602,20210924,1.5,1.5
PF_0020440,296,20210602,20210924,2,2
PF_0020440,296,20210602,20210924,1.5,2.8
PF_0020440,296,20210602,20210924,2,2
PF_0020440,299,20210522,20210913,5.5,5.5
PF_0020440,299,20210522,20210913,5,5
PF_0020440,299,20210512,20210903,2,2
PF_0020440,299,20210512,20210903,1,0.4
PF_0020440,299,20210524,20210915,6,6
PF_0020440,300,20210526,20210917,2.5,3.1
PF_0020440,300,20210602,20210924,1.5,2.3
PF_0020440,300,20210602,20210924,1,1.3
PF_0020440,300,20210602,20210924,2,2
PF_0020440,300,20210526,20210917,2,2
PF_0020440,300,20210526,20210917,3.5,3.5
PF_0020440,300,20210602,20210924,2,2
PF_0020440,304,20210513,20210904,8,8
PF_0020440,304,20210513,20210904,9.5,9.5
PF_0020440,304,20210513,20210904,12,0
PF_0020440,304,20210513,20210904,12,0
PF_0020440,304,20210513,20210904,9,9
PF_0020440,304,20210513,20210904,12,0
PF_0020440,304,20210513,20210904,8.5,8.5
PF_0020440,305,20210513,20210904,8,8
PF_0020440,305,20210518,20210909,7,7
PF_0020440,305,20210518,20210909,8,0
PF_0020440,305,20210513,20210904,8.5,8.5
PF_0020440,305,20210518,20210909,8.5,0
PF_0020440,305,20210513,20210904,9,9
PF_0020440,307,20210526,20210917,4,4
PF_0020440,307,20210525,20210916,2.5,2.5
PF_0020440,307,20210525,20210916,2.5,0.8
PF_0020440,307,20210526,20210917,2.5,2.5
PF_0020440,307,20210525,20210916,2.5,2.5
PF_0020440,307,20210526,20210917,5.5,5.5
PF_0020440,307,20210526,20210917,2,2
PF_0020440,307,20210521,20210912,7.5,7
PF_0020440,307,20210526,20210917,5,5
PF_0020440,307,20210526,20210917,3.5,3.5
PF_0020440,312,20210518,20210909,6,6
PF_0020440,312,20210518,20210909,6.5,6.5
PF_0020440,312,20210518,20210909,7,7
PF_0020440,312,20210518,20210909,6,6
PF_0020440,312,20210518,20210909,8,0
PF_0020440,312,20210518,20210909,8.5,0
PF_0020440,312,20210518,20210909,9,0
PF_0020440,313,20210530,20210921,1,1.9
PF_0020440,313,20210526,20210917,2,1
PF_0020440,313,20210526,20210917,2.5,2.5
PF_0020440,313,20210526,20210917,2.5,0.8
PF_0020440,313,20210529,20210920,2,1.7
PF_0020440,313,20210526,20210917,2.5,2.5
PF_0020440,313,20210529,20210920,4,4
PF_0020440,313,20210529,20210920,3.5,3.5
PF_0020440,313,20210525,20210916,3.5,3.5
PF_0020440,313,20210529,20210920,4.5,4.5
PF_0020440,318,20210511,20210902,2.5,2.5
PF_0020440,318,20210522,20210913,5.5,5.5
PF_0020440,318,20210525,20210916,6,6
PF_0020440,649,20210520,20210911,6,6
PF_0020440,649,20210524,20210915,6,0
PF_0020440,649,20210524,20210915,6,0
PF_0020440,649,20210524,20210915,5,5
PF_0020440,649,20210524,20210915,6,0
PF_0020440,649,20210520,20210911,5.5,5.5
PF_0020440,649,20210524,20210915,4.5,4.5
PF_0020440,655,20210510,20210901,9.5,9.5
PF_0020440,655,20210510,20210901,12,12
PF_0020440,655,20210510,20210901,12,0
PF_0020440,655,20210510,20210901,11,11
PF_0020440,655,20210510,20210901,12,7.3
PF_0020440,655,20210510,20210901,12,0
PF_0020440,655,20210510,20210901,12,0
PF_0020440,665,20210521,20210912,6,7.8
PF_0020440,665,20210521,20210912,6.5,0
PF_0020440,665,20210521,20210912,7,0
PF_0020440,665,20210521,20210912,7.5,0
PF_0020440,683,20210513,20210904,9.5,9.5
PF_0020440,683,20210513,20210904,9,9
PF_0020440,683,20210513,20210904,12,0
PF_0020440,683,20210513,20210904,8,8
PF_0020440,683,20210513,20210904,12,0
PF_0020440,683,20210513,20210904,8.5,8.5
PF_0020440,692,20210602,20210924,1.5,1.5
PF_0020440,692,20210602,20210924,1,1
PF_0020440,692,20210602,20210924,2,1.5
PF_0020440,692,20210602,20210924,1.5,1.5
PF_0020440,692,20210602,20210924,1.5,1.5
PF_0020440,692,20210602,20210924,2,2
PF_0020440,692,20210602,20210924,1.5,1.5
PF_0020440,695,20210601,20210923,1.5,1.5
PF_0020440,695,20210601,20210923,1.5,1.5
PF_0020440,695,20210601,20210923,2,2
PF_0020440,695,20210601,20210923,1.5,1.5
PF_0020440,695,20210601,20210923,2,1.3
PF_0020440,695,20210604,20210926,1,1.8
PF_0020440,695,20210601,20210923,1.5,1.5
PF_0020440,699,20210525,20210916,2.5,2.5
PF_0020440,699,20210526,20210917,5,4.7
PF_0020440,699,20210525,20210916,2.5,0.8
PF_0020440,699,20210525,20210916,2.5,2.5
PF_0020440,699,20210525,20210916,3.5,3.5
PF_0020440,699,20210526,20210917,5.5,5.5
PF_0020440,699,20210526,20210917,4,4.6
PF_0020440,699,20210525,20210916,2.5,2.5
PF_0020440,699,20210526,20210917,6,6
PF_0020440,699,20210525,20210916,4,4
PF_0020440,704,20210522,20210913,6,6
PF_0020440,704,20210522,20210913,6,0
PF_0020440,704,20210522,20210913,5.5,5.6
PF_0020440,704,20210518,20210909,6,6
PF_0020440,704,20210518,20210909,6,6
PF_0020440,704,20210522,20210913,6.5,0
PF_0020440,704,20210522,20210913,7,0
PF_0020440,712,20210518,20210909,6,6
PF_0020440,712,20210522,20210913,6,6
PF_0020440,712,20210518,20210909,6,6
PF_0020440,712,20210522,20210913,6,6
PF_0020440,712,20210522,20210913,6.5,6.5
PF_0020440,712,20210522,20210913,7,7
PF_0020440,712,20210522,20210913,5.5,5.5
PF_0020440,723,20210602,20210924,1.5,1.9
PF_0020440,723,20210602,20210924,1.5,1.5
PF_0020440,723,20210602,20210924,1.5,2.2
PF_0020440,723,20210602,20210924,2,2
PF_0020440,723,20210602,20210924,1.5,1.5
PF_0020440,723,20210602,20210924,2,2
PF_0020440,723,20210602,20210924,1,1.1
PF_0020440,733,20210608,20210930,1.5,1.5
PF_0020440,748,20210602,20210924,1,1
PF_0020440,748,20210602,20210924,1.5,1.5
PF_0020440,748,20210602,20210924,1.5,1.5
PF_0020440,748,20210602,20210924,1.5,1.5
PF_0020440,748,20210602,20210924,1.5,1.5
PF_0020440,748,20210603,20210925,2,2
PF_0020440,748,20210603,20210925,1,1.2
PF_0020440,769,20210525,20210916,2.5,2.8
PF_0020440,769,20210527,20210918,2.5,2.9
PF_0020440,769,20210525,20210916,2.5,0.8
PF_0020440,769,20210525,20210916,2.5,2.5
PF_0020440,769,20210525,20210916,3.5,3.5
PF_0020440,769,20210525,20210916,2.5,2.6
PF_0020440,769,20210527,20210918,4.5,4.5
PF_0020440,769,20210527,20210918,3.5,3.5
PF_0020440,769,20210530,20210921,3.5,3.5
PF_0020440,769,20210530,20210921,4,4
PF_0020440,771,20210526,20210917,2,0.7
PF_0020440,771,20210529,20210920,2,2
PF_0020440,771,20210602,20210924,1,1
PF_0020440,771,20210528,20210919,2,2
PF_0020440,771,20210531,20210922,1,1
PF_0020440,771,20210603,20210925,1,0.9
PF_0020440,771,20210604,20210926,1,0.5
PF_0020440,772,20210526,20210917,3.5,3.8
PF_0020440,772,20210518,20210909,1.5,1.5
PF_0020440,772,20210518,20210909,2.5,1.6
PF_0020440,772,20210529,20210920,4.5,4.5
PF_0020440,772,20210519,20210910,6,6
PF_0020440,818,20210602,20210924,1.5,1.5
PF_0020440,818,20210602,20210924,1.5,1.5
PF_0020440,818,20210602,20210924,1,1
PF_0020440,818,20210602,20210924,1.5,1.5
PF_0020440,818,20210602,20210924,2,2
PF_0020440,818,20210602,20210924,2,2
PF_0020440,818,20210602,20210924,1.5,1.5
PF_0020440,819,20210602,20210924,1.5,1.5
PF_0020440,819,20210602,20210924,1.5,1.5
PF_0020440,819,20210602,20210924,1,1
PF_0020440,819,20210602,20210924,1.5,1.5
PF_0020440,819,20210602,20210924,1.5,1.5
PF_0020440,819,20210602,20210924,2,2
PF_0020440,819,20210602,20210924,2,2
PF_0020440,821,20210530,20210921,2,1.8
PF_0020440,821,20210602,20210924,1.5,1.5
PF_0020440,821,20210602,20210924,1.5,1.5
PF_0020440,821,20210530,20210921,2.5,2.5
PF_0020440,821,20210602,20210924,1.5,1.5
PF_0020440,821,20210529,20210920,4,3.8
PF_0020440,821,20210529,20210920,4.5,5.1
PF_0020440,830,20210512,20210903,2,0
PF_0020440,830,20210512,20210903,2,0
PF_0020440,830,20210512,20210903,1,0
PF_0020440,835,20210520,20210911,7,0
PF_0020440,835,20210520,20210911,6,6
PF_0020440,835,20210515,20210906,7.5,7.5
PF_0020440,835,20210520,20210911,7.5,0
PF_0020440,835,20210515,20210906,7,7
PF_0020440,835,20210520,20210911,6,6
PF_0020440,836,20210527,20210918,2.5,2.5
PF_0020440,836,20210527,20210918,4.3,4.3
PF_0020440,836,20210527,20210918,2,2
PF_0020440,836,20210527,20210918,2,2
PF_0020440,836,20210527,20210918,3.5,3.5
PF_0020440,836,20210527,20210918,4.8,4.8
PF_0020440,836,20210527,20210918,5.3,5.3
PF_0020440,839,20210517,20210908,7.5,7.5
PF_0020440,839,20210517,20210908,7,7.1
PF_0020440,839,20210517,20210908,6,6.1
PF_0020440,839,20210515,20210906,1.5,1.6
PF_0020440,839,20210515,20210906,1.5,1.5
PF_0020440,839,20210517,20210908,8.5,6.9
PF_0020440,839,20210517,20210908,6.5,7
PF_0020440,839,20210515,20210906,1.5,2.5
PF_0020440,839,20210517,20210908,9,9
PF_0020440,839,20210517,20210908,9.5,9.5
PF_0020440,850,20210602,20210924,1.5,1.5
PF_0020440,850,20210602,20210924,1,1
PF_0020440,850,20210602,20210924,1.5,1.5
PF_0020440,850,20210602,20210924,1.5,1.5
PF_0020440,850,20210602,20210924,2,2
PF_0020440,850,20210602,20210924,2,2
PF_0020440,850,20210602,20210924,1.5,1.5
PF_0020440,862,20210531,20210922,2.5,2.9
PF_0020440,862,20210602,20210924,1.5,1.5
PF_0020440,862,20210602,20210924,1.5,1.5
PF_0020440,862,20210602,20210924,1.5,1.8
PF_0020440,862,20210531,20210922,3,1.9
PF_0020440,862,20210531,20210922,4,4.1
PF_0020440,862,20210602,20210924,1.5,1.5
PF_0020440,866,20210515,20210906,7,8
PF_0020440,866,20210514,20210905,11,10.7
PF_0020440,866,20210515,20210906,8,10.4
PF_0020440,866,20210513,20210904,2,1.4
PF_0020440,866,20210515,20210906,7.5,11
PF_0020440,866,20210513,20210904,1.5,2.9
PF_0020440,866,20210513,20210904,1,1.2
PF_0020440,866,20210515,20210906,8.5,6.3
PF_0020440,866,20210514,20210905,12,12
PF_0020440,866,20210525,20210916,6,6.1
PF_0020440,871,20210608,20210930,2.5,2.5
PF_0020440,871,20210608,20210930,2.5,2.5
PF_0020440,871,20210608,20210930,2.5,2.5
PF_0020440,871,20210608,20210930,2.5,2.5
PF_0020440,871,20210608,20210930,1.5,1.5
PF_0020440,871,20210608,20210930,2.5,2.5
PF_0020440,871,20210608,20210930,1.5,1.5
PF_0020440,874,20210525,20210916,2.5,2.5
PF_0020440,874,20210525,20210916,3.5,5.4
PF_0020440,874,20210525,20210916,5.5,5.5
PF_0020440,874,20210525,20210916,4.5,4.5
PF_0020440,874,20210525,20210916,6,6
PF_0020440,874,20210525,20210916,6,6
PF_0020440,874,20210525,20210916,4,4
PF_0020440,875,20210526,20210917,4,4
PF_0020440,875,20210526,20210917,4.5,4.5
PF_0020440,875,20210526,20210917,3,3
PF_0020440,875,20210526,20210917,3,0.9
PF_0020440,875,20210526,20210917,3,3
PF_0020440,875,20210601,20210923,2.5,2.5
PF_0020440,875,20210526,20210917,2.5,2.5
PF_0020440,875,20210601,20210923,3,3
PF_0020440,875,20210601,20210923,2,3.6
PF_0020440,875,20210526,20210917,3,3
PF_0020440,877,20210514,20210905,8.5,8.5
PF_0020440,877,20210514,20210905,8,8
PF_0020440,877,20210514,20210905,1,1
PF_0020440,877,20210516,20210907,1.5,0.8
PF_0020440,877,20210528,20210919,5,5
PF_0020440,879,20210526,20210917,4,4.3
PF_0020440,879,20210527,20210918,2,2
PF_0020440,879,20210525,20210916,5.5,5.5
PF_0020440,879,20210525,20210916,6,6
PF_0020440,879,20210527,20210918,2,2
PF_0020440,879,20210526,20210917,3.5,3.2
PF_0020440,879,20210525,20210916,6,6
PF_0020440,880,20210520,20210911,2.5,2.5
PF_0020440,880,20210520,20210911,6,6
PF_0020440,880,20210520,20210911,5.5,5.5
PF_0020440,880,20210520,20210911,6,6
PF_0020440,880,20210525,20210916,5.5,5.5
PF_0020440,880,20210520,20210911,2.5,2.5
PF_0020440,880,20210520,20210911,6,6
PF_0020440,880,20210520,20210911,2.5,0.8
PF_0020440,880,20210528,20210919,4.5,4.5
PF_0020440,880,20210528,20210919,5,5
PF_0020440,883,20210526,20210917,2,2
PF_0020440,883,20210526,20210917,4,4
PF_0020440,883,20210526,20210917,2.5,2.5
PF_0020440,883,20210526,20210917,5,5
PF_0020440,883,20210521,20210912,2.5,0.8
PF_0020440,883,20210521,20210912,2.5,2.5
PF_0020440,883,20210521,20210912,2.5,2.5
PF_0020440,883,20210526,20210917,5.5,5.5
PF_0020440,883,20210526,20210917,6,6
PF_0020440,883,20210526,20210917,3.5,3.5
PF_0020440,891,20210525,20210916,4.5,4.5
PF_0020440,891,20210522,20210913,4.5,4.5
PF_0020440,891,20210523,20210914,4.5,4.5
PF_0020440,891,20210525,20210916,5.5,0
PF_0020440,891,20210525,20210916,6,0
PF_0020440,891,20210525,20210916,6,0
PF_0020440,891,20210523,20210914,5,5
PF_0020440,897,20210520,20210911,5.5,5.6
PF_0020440,897,20210524,20210915,4.5,4.6
PF_0020440,897,20210520,20210911,6,6
PF_0020440,897,20210510,20210901,3.5,3.6
PF_0020440,897,20210510,20210901,2,1.2
PF_0020440,897,20210525,20210916,4.5,4.5
PF_0020440,897,20210527,20210918,5,5
PF_0020440,897,20210527,20210918,5.5,5.5
PF_0020440,897,20210527,20210918,4.5,4.5
PF_0020440,897,20210510,20210901,2.5,2.6
PF_0020440,908,20210525,20210916,3,3
PF_0020440,908,20210525,20210916,5,5
PF_0020440,908,20210525,20210916,6,6
PF_0020440,908,20210524,20210915,3,3
PF_0020440,908,20210524,20210915,3,0.9
PF_0020440,908,20210524,20210915,3,3
PF_0020440,908,20210525,20210916,6.5,6.5
PF_0020440,908,20210525,20210916,6.5,6.5
PF_0020440,908,20210525,20210916,4.5,4.5
PF_0020440,908,20210525,20210916,4,4
PF_0020440,912,20210526,20210917,2.5,2.5
PF_0020440,912,20210526,20210917,4,4
PF_0020440,912,20210526,20210917,2.5,2.5
PF_0020440,912,20210526,20210917,2.5,0.8
PF_0020440,912,20210526,20210917,2.5,2.5
PF_0020440,912,20210526,20210917,5.5,5.5
PF_0020440,912,20210526,20210917,2,2.3
PF_0020440,912,20210528,20210919,5,5.1
PF_0020440,912,20210526,20210917,5,5
PF_0020440,912,20210526,20210917,3.5,3.5
PF_0020440,923,20210526,20210917,2.5,2.5
PF_0020440,923,20210522,20210913,6,6
PF_0020440,923,20210522,20210913,5.5,5.5
PF_0020440,923,20210528,20210919,4,4.1
PF_0020440,923,20210526,20210917,2,2
PF_0020440,923,20210526,20210917,2.5,2.5
PF_0020440,923,20210526,20210917,2.5,0.8
PF_0020440,923,20210522,20210913,5,5
PF_0020440,923,20210528,20210919,4.5,4.5
PF_0020440,923,20210528,20210919,5,5
PF_0020440,244,20210527,20210918,3.5,3.5
PF_0020440,244,20210527,20210918,2,2.7
PF_0020440,244,20210527,20210918,2,2
PF_0020440,244,20210527,20210918,5,5
PF_0020440,244,20210527,20210918,4.5,4.5
PF_0020440,244,20210527,20210918,5.5,5.5
PF_0020440,244,20210527,20210918,2.5,2.5
PF_0020440,248,20210523,20210914,4,4
PF_0020440,248,20210529,20210920,3.5,3.5
PF_0020440,248,20210520,20210911,2.5,2.5
PF_0020440,248,20210520,20210911,2.5,0.8
PF_0020440,248,20210527,20210918,3.5,3.6
PF_0020440,248,20210529,20210920,4,4
PF_0020440,248,20210529,20210920,4.5,4.5
PF_0020440,248,20210523,20210914,5,5
PF_0020440,248,20210520,20210911,2.5,2.5
PF_0020440,248,20210523,20210914,4.5,4.5
PF_0020440,261,20210518,20210909,6.8,6.8
PF_0020440,261,20210518,20210909,5.8,5.8
PF_0020440,261,20210518,20210909,5.8,5.8
PF_0020440,261,20210518,20210909,8.3,0
PF_0020440,261,20210518,20210909,7.8,0
PF_0020440,261,20210518,20210909,6.3,6.3
PF_0020440,268,20210527,20210918,4.5,4.5
PF_0020440,268,20210512,20210903,8.5,7.5
PF_0020440,268,20210521,20210912,6,6
PF_0020440,268,20210521,20210912,6,6
PF_0020440,268,20210521,20210912,5.5,5.6
PF_0020440,268,20210527,20210918,5,3.9
PF_0020440,268,20210527,20210918,5.5,5.5
PF_0020440,271,20210517,20210908,6.5,6.5
PF_0020440,271,20210518,20210909,2.5,1.6
PF_0020440,271,20210518,20210909,1.5,1.6
PF_0020440,271,20210518,20210909,1.5,1.2
PF_0020440,271,20210526,20210917,6,6.1
PF_0020440,271,20210517,20210908,7,7
PF_0020440,87,20210602,20210924,1.5,1.5
PF_0020440,87,20210602,20210924,1.5,1.5
PF_0020440,87,20210602,20210924,1,1
PF_0020440,87,20210602,20210924,1.5,1.5
PF_0020440,87,20210602,20210924,2,2
PF_0020440,87,20210602,20210924,2.5,2.5
PF_0020440,87,20210602,20210924,1.5,1.8
PF_0020440,92,20210522,20210913,6,6
PF_0020440,92,20210522,20210913,5.5,5.6
PF_0020440,92,20210520,20210911,6,6
PF_0020440,92,20210510,20210901,2,1.2
PF_0020440,92,20210510,20210901,3.5,3.5
PF_0020440,92,20210510,20210901,2.5,2.5
PF_0020440,92,20210522,20210913,6,6
PF_0020440,92,20210522,20210913,6.5,6.5
PF_0020440,92,20210520,20210911,5.5,5.5
PF_0020440,92,20210522,20210913,7,7
PF_0020440,99,20210516,20210907,7,7
PF_0020440,99,20210516,20210907,8,8
PF_0020440,99,20210516,20210907,9.5,0
PF_0020440,99,20210516,20210907,8.5,8.5
PF_0020440,99,20210516,20210907,7.5,7.5
PF_0020440,99,20210516,20210907,10,0
PF_0020440,99,20210516,20210907,11,0
PF_0020440,104,20210525,20210916,5,5.1
PF_0020440,104,20210525,20210916,6,6
PF_0020440,104,20210522,20210913,5,5
PF_0020440,104,20210525,20210916,6.5,6.5
PF_0020440,104,20210522,20210913,6,6
PF_0020440,104,20210522,20210913,5.5,5.5
PF_0020440,104,20210525,20210916,6.5,6.5
PF_0020440,107,20210519,20210910,8,8
PF_0020440,107,20210519,20210910,7,7
PF_0020440,107,20210519,20210910,6.5,6.5
PF_0020440,107,20210519,20210910,6.5,6.5
PF_0020440,107,20210519,20210910,8.5,8.5
PF_0020440,107,20210519,20210910,9,9
PF_0020440,107,20210519,20210910,6.5,6.5
PF_0020440,109,20210526,20210917,2.5,1.8
PF_0020440,109,20210601,20210923,2,2.6
PF_0020440,109,20210526,20210917,3,2.8
PF_0020440,109,20210520,20210911,3,2.7
PF_0020440,109,20210520,20210911,3,0.9
PF_0020440,109,20210520,20210911,3,3
PF_0020440,109,20210528,20210919,3,3
PF_0020440,109,20210601,20210923,3,3
PF_0020440,109,20210528,20210919,2.5,2.6
PF_0020440,109,20210601,20210923,2.5,2.5
PF_0020440,117,20210516,20210907,7,7
PF_0020440,117,20210516,20210907,8.5,8.5
PF_0020440,117,20210516,20210907,8,8
PF_0020440,117,20210516,20210907,9.5,0
PF_0020440,117,20210516,20210907,7.5,7.5
PF_0020440,117,20210516,20210907,10,0
PF_0020440,117,20210516,20210907,11,0
PF_0020440,132,20210519,20210910,6.5,7.8
PF_0020440,132,20210519,20210910,7.5,7.5
PF_0020440,132,20210519,20210910,8,8
PF_0020440,132,20210519,20210910,8.5,8.5
PF_0020440,136,20210526,20210917,2.5,2.6
PF_0020440,136,20210526,20210917,4,4
PF_0020440,136,20210526,20210917,3,3
PF_0020440,136,20210526,20210917,3,3.5
PF_0020440,136,20210526,20210917,3,1
PF_0020440,136,20210526,20210917,3,3
PF_0020440,136,20210526,20210917,4.5,4.5
PF_0020440,136,20210531,20210922,3,3
PF_0020440,136,20210531,20210922,2.5,3.6
PF_0020440,136,20210603,20210925,2,2.6
PF_0020440,188,20210602,20210924,1.5,1.5
PF_0020440,188,20210602,20210924,1.5,1.5
PF_0020440,188,20210602,20210924,1.5,1.5
PF_0020440,188,20210602,20210924,1.5,1.8
PF_0020440,188,20210602,20210924,1,1
PF_0020440,188,20210601,20210923,3,3
PF_0020440,188,20210602,20210924,2,1.5
PF_0020440,205,20210602,20210924,1.5,1.5
PF_0020440,205,20210602,20210924,1.5,1.5
PF_0020440,205,20210602,20210924,1,1
PF_0020440,205,20210602,20210924,1.5,1.5
PF_0020440,205,20210602,20210924,2,1.5
PF_0020440,205,20210602,20210924,2,2.3
PF_0020440,205,20210602,20210924,1.5,1.5
PF_0020440,209,20210520,20210911,7,0
PF_0020440,209,20210516,20210907,6.5,6.4
PF_0020440,209,20210520,20210911,6,5.9
PF_0020440,209,20210516,20210907,7,6.9
PF_0020440,209,20210520,20210911,6,5.9
PF_0020440,209,20210520,20210911,7.5,0
PF_0020440,41,20210603,20210925,1.5,1.5
PF_0020440,41,20210603,20210925,1.5,1.5
PF_0020440,41,20210603,20210925,1.5,1.8
PF_0020440,41,20210603,20210925,1,1
PF_0020440,41,20210603,20210925,2,2
PF_0020440,41,20210603,20210925,3.5,3.5
PF_0020440,41,20210603,20210925,1.5,1.5
PF_0000347_01,381,20210511,20210903,3.3,2.6
PF_0000347_01,381,20210511,20210903,11.1,8.3
PF_0000347_01,381,20210511,20210903,11.1,8.6
PF_0000347_01,381,20210511,20210903,11.1,4.7
PF_0000347_01,381,20210511,20210903,3,3.1
PF_0000347_01,381,20210511,20210903,11.1,8.5
PF_0000347_01,381,20210511,20210903,3.8,3.8
PF_0000347_01,381,20210511,20210903,10.5,8.7
PF_0000347_01,381,20210511,20210903,11.1,11.1
PF_0000347_01,381,20210511,20210903,11.1,7
PF_0000347_01,381,20210511,20210903,10.8,10.8
PF_0000347_01,386,20210511,20210902,3.8,3.8
PF_0000347_01,386,20210511,20210902,11.1,8.4
PF_0000347_01,386,20210511,20210902,11.1,11.1
PF_0000347_01,386,20210511,20210902,4.4,4.4
PF_0000347_01,386,20210511,20210902,11.1,11.1
PF_0000347_01,386,20210511,20210902,11.1,11.1
PF_0000347_01,386,20210511,20210902,3.3,3.3
PF_0000347_01,386,20210511,20210902,11.1,8.9
PF_0000347_01,386,20210511,20210902,11.1,11.1
PF_0000347_01,386,20210511,20210902,11.1,4.7
PF_0000347_01,386,20210511,20210902,10.8,10.8
PF_0000347_01,394,20210511,20210903,10.8,6.9
PF_0000347_01,394,20210511,20210903,11.1,3.6
PF_0000347_01,394,20210511,20210903,3.8,3.1
PF_0000347_01,394,20210511,20210903,11.1,4.2
PF_0000347_01,394,20210511,20210903,11.1,2.7
PF_0000347_01,394,20210511,20210903,3.3,2.5
PF_0000347_01,394,20210511,20210903,10.5,5.7
PF_0000347_01,394,20210511,20210903,3,2.5
PF_0000347_01,394,20210511,20210903,11.1,6.7
PF_0000347_01,394,20210511,20210903,11.1,3
PF_0000347_01,394,20210511,20210903,11.1,2.7
PF_0000347_01,564,20210601,20210924,3,3.1
PF_0000347_01,564,20210601,20210923,3.2,2.3
PF_0000347_01,564,20210601,20210923,3.2,3.2
PF_0000347_01,564,20210601,20210923,3.2,3.2
PF_0000347_01,564,20210601,20210923,3.1,3.1
PF_0000347_01,564,20210601,20210924,3.3,3.3
PF_0000347_01,564,20210601,20210923,3.1,3.1
PF_0000347_01,564,20210601,20210924,3.8,3.8
PF_0000347_01,567,20210510,20210904,11.1,11.1
PF_0000347_01,567,20210510,20210904,11.1,11.1
PF_0000347_01,567,20210510,20210904,3.3,1.2
PF_0000347_01,567,20210510,20210904,3,1.2
PF_0000347_01,567,20210510,20210904,11.1,4.7
PF_0000347_01,567,20210510,20210901,3.1,1.5
PF_0000347_01,567,20210510,20210904,10.5,10.5
PF_0000347_01,567,20210510,20210904,11.1,11.1
PF_0000347_01,567,20210510,20210904,11.1,11.1
PF_0000347_01,567,20210510,20210904,10.8,8.2
PF_0000347_01,567,20210510,20210904,10.2,10.2
PF_0000347_01,569,20210531,20210922,3.1,3.1
PF_0000347_01,569,20210531,20210922,3.2,3.2
PF_0000347_01,569,20210531,20210922,3.1,2.2
PF_0000347_01,569,20210531,20210922,3.2,2.2
PF_0000347_01,569,20210531,20210922,3.1,1.2
PF_0000347_01,569,20210531,20210922,3.1,2.1
PF_0000347_01,569,20210531,20210926,3,1.5
PF_0000347_01,569,20210531,20210922,3.1,3.1
PF_0000347_01,572,20210524,20210914,6.9,0
PF_0000347_01,572,20210524,20210914,6.4,0
PF_0000347_01,572,20210524,20210914,7.9,3.7
PF_0000347_01,572,20210524,20210914,5.9,3.1
PF_0000347_01,572,20210524,20210914,5.4,0.6
PF_0000347_01,572,20210524,20210914,7.4,3.8
PF_0000347_01,572,20210524,20210914,8.4,4.2
PF_0000347_01,572,20210524,20210914,8.7,6
PF_0000347_01,576,20210607,20210929,3.5,2.5
PF_0000347_01,576,20210607,20210929,3.2,1.3
PF_0000347_01,576,20210607,20210929,3.5,3.5
PF_0000347_01,576,20210607,20210929,3.2,3.2
PF_0000347_01,576,20210607,20210929,3.2,3.2
PF_0000347_01,576,20210607,20210929,3.2,3.2
PF_0000347_01,576,20210607,20210929,3.5,3.5
PF_0000347_01,576,20210607,20210929,3.2,3.2
PF_0000347_01,808,20210511,20210905,9,6.3
PF_0000347_01,808,20210511,20210902,2.8,2.8
PF_0000347_01,808,20210511,20210905,2.6,2.5
PF_0000347_01,808,20210511,20210905,9,8.7
PF_0000347_01,808,20210511,20210905,9,6.3
PF_0000347_01,808,20210511,20210905,9,4
PF_0000347_01,808,20210511,20210905,9,5.5
PF_0000347_01,808,20210511,20210905,9,9
PF_0000347_01,808,20210511,20210902,2.8,2.8
PF_0000347_01,808,20210511,20210905,9,6.2
PF_0000347_01,808,20210511,20210905,9,7.5
PF_0000347_01,1067,20210601,20210923,3.2,3.2
PF_0000347_01,1067,20210601,20210923,3.2,2.3
PF_0000347_01,1067,20210601,20210923,3.1,3.1
PF_0000347_01,1067,20210601,20210924,3,2.4
PF_0000347_01,1067,20210601,20210923,3.2,3.2
PF_0000347_01,1067,20210601,20210924,3.3,2.5
PF_0000347_01,1067,20210601,20210923,3.1,3.1
PF_0000347_01,1067,20210601,20210924,3.8,3.8
PF_0000347_01,1071,20210518,20210911,8.4,8.4
PF_0000347_01,1071,20210518,20210911,7.9,5.2
PF_0000347_01,1071,20210518,20210911,7.4,5.1
PF_0000347_01,1071,20210518,20210911,9.2,3.9
PF_0000347_01,1071,20210518,20210909,3.2,1.3
PF_0000347_01,1071,20210518,20210909,3.2,3.2
PF_0000347_01,1071,20210518,20210911,8.7,7.9
PF_0000347_01,1071,20210518,20210911,6.9,2.6
PF_0000347_01,1071,20210518,20210911,9.7,6.6
PF_0000347_01,1071,20210518,20210911,10.2,9.5
PF_0000347_01,424,20210607,20210929,3.2,1.3
PF_0000347_01,424,20210607,20210929,3.2,3.2
PF_0000347_01,487,20210607,20210929,3.5,3.5
PF_0000347_01,487,20210607,20210929,3.5,2.5
PF_0000347_01,487,20210607,20210929,3.2,3.2
PF_0000347_01,487,20210607,20210929,3.2,1.3
PF_0000347_01,487,20210607,20210929,3.2,3.2
PF_0000347_01,487,20210607,20210929,3.5,3.5
PF_0000347_01,487,20210607,20210929,3.2,3.2
PF_0000347_01,487,20210607,20210929,3.2,3.2
PF_0000347_01,489,20210531,20210924,3,2.5
PF_0000347_01,489,20210531,20210922,3.1,3.1
PF_0000347_01,489,20210531,20210922,3.1,2.2
PF_0000347_01,489,20210531,20210922,3.2,3.2
PF_0000347_01,489,20210531,20210922,3.2,3.2
PF_0000347_01,489,20210531,20210924,3.8,3.1
PF_0000347_01,489,20210531,20210924,3.3,1.7
PF_0000347_01,489,20210531,20210922,3.1,3.1
PF_0000347_01,496,20210607,20210929,3.2,1.3
PF_0000347_01,496,20210607,20210929,3.2,3.2
PF_0000347_01,1073,20210518,20210910,7.9,4.9
PF_0000347_01,1073,20210518,20210909,3.2,3.2
PF_0000347_01,1073,20210518,20210910,7.4,3.1
PF_0000347_01,1073,20210518,20210910,9.7,4.2
PF_0000347_01,1073,20210518,20210909,3.2,1.3
PF_0000347_01,1073,20210518,20210910,10.2,9.1
PF_0000347_01,1073,20210518,20210910,8.4,6.5
PF_0000347_01,1073,20210518,20210910,8.7,8.3
PF_0000347_01,1073,20210518,20210910,9.2,7.1
PF_0000347_01,1073,20210518,20210910,10.5,1.5
PF_0000347_01,510,20210607,20210929,3.2,3.2
PF_0000347_01,510,20210607,20210929,3.2,1.3
PF_0000347_01,510,20210607,20210929,3.5,2.5
PF_0000347_01,510,20210607,20210929,3.2,3.2
PF_0000347_01,510,20210607,20210929,3.2,3.2
PF_0000347_01,510,20210607,20210929,3.5,3.5
PF_0000347_01,510,20210607,20210929,3.5,3.5
PF_0000347_01,510,20210607,20210929,3.2,3.2
PF_0000347_01,532,20210531,20210923,3.3,3.4
PF_0000347_01,532,20210531,20210922,3.2,3.2
PF_0000347_01,532,20210531,20210923,3.8,3.8
PF_0000347_01,532,20210531,20210922,3.1,3.1
PF_0000347_01,532,20210531,20210922,3.1,2.2
PF_0000347_01,532,20210531,20210922,3.1,3.1
PF_0000347_01,532,20210531,20210923,4.4,4.4
PF_0000347_01,532,20210531,20210922,3.2,3.2
PF_0000347_01,536,20210510,20210903,10.5,10.5
PF_0000347_01,536,20210510,20210903,11.1,4.7
PF_0000347_01,536,20210510,20210903,3.8,3.8
PF_0000347_01,536,20210510,20210903,3,3.1
PF_0000347_01,536,20210510,20210903,11.1,8.4
PF_0000347_01,536,20210510,20210903,11.1,5.1
PF_0000347_01,536,20210510,20210903,11.1,11
PF_0000347_01,536,20210510,20210903,11.1,9.2
PF_0000347_01,536,20210510,20210903,10.8,10.2
PF_0000347_01,536,20210510,20210903,3.3,3.3
PF_0000347_01,536,20210510,20210903,11.1,8.5
PF_0000347_01,497,20210508,20210903,11.1,2.7
PF_0000347_01,497,20210508,20210903,11.1,3.7
PF_0000347_01,497,20210508,20210903,3,2.4
PF_0000347_01,497,20210508,20210903,3.8,3.1
PF_0000347_01,497,20210508,20210903,10.8,8.1
PF_0000347_01,497,20210508,20210903,3.3,2.7
PF_0000347_01,497,20210508,20210903,10.5,6.7
PF_0000347_01,497,20210508,20210903,11.1,0
PF_0000347_01,497,20210508,20210903,11.1,6.4
PF_0000347_01,497,20210508,20210903,11.1,6.9
PF_0000347_01,497,20210508,20210903,11.1,4.3
PF_0000347_01,551,20210608,20210930,3.2,1.3
PF_0000347_01,551,20210608,20210930,3.2,3.2
PF_0000347_01,555,20210530,20210921,3.1,2.2
PF_0000347_01,555,20210530,20210921,3.2,3.2
PF_0000347_01,555,20210530,20210921,3.1,3.1
PF_0000347_01,555,20210530,20210921,3.1,3.1
PF_0000347_01,555,20210530,20210921,3.1,1.2
PF_0000347_01,555,20210530,20210921,3.1,3.1
PF_0000347_01,555,20210530,20210921,3.1,1.8
PF_0000347_01,555,20210530,20210921,3.1,3.1
PF_0000347_01,557,20210517,20210911,7.9,3
PF_0000347_01,557,20210517,20210908,3.2,3.1
PF_0000347_01,557,20210517,20210911,9.2,2.4
PF_0000347_01,557,20210517,20210911,8.7,5.9
PF_0000347_01,557,20210517,20210911,7.4,5.6
PF_0000347_01,557,20210517,20210911,6.9,5.7
PF_0000347_01,557,20210517,20210911,8.4,4.4
PF_0000347_01,557,20210517,20210908,3.2,1.3
PF_0000347_01,557,20210517,20210911,10.2,7
PF_0000347_01,557,20210517,20210911,9.7,7.4
PF_0000347_01,559,20210608,20210930,3.2,1.3
PF_0000347_01,559,20210608,20210930,3.2,3.2
PF_0000347_01,563,20210511,20210904,10.8,8
PF_0000347_01,563,20210511,20210904,11.1,9.2
PF_0000347_01,563,20210511,20210904,10.2,10.1
PF_0000347_01,563,20210511,20210904,3.3,3.1
PF_0000347_01,563,20210511,20210902,3.1,3.1
PF_0000347_01,563,20210511,20210904,11.1,7.7
PF_0000347_01,563,20210511,20210904,3,3.1
PF_0000347_01,563,20210511,20210904,11.1,4.7
PF_0000347_01,563,20210511,20210904,11.1,11
PF_0000347_01,563,20210511,20210904,11.1,10.4
PF_0000347_01,563,20210511,20210904,10.5,6
PF_0000347_01,533,20210525,20210918,4.4,3.3
PF_0000347_01,533,20210525,20210918,3.8,3.8
PF_0000347_01,533,20210525,20210918,5.9,2.9
PF_0000347_01,533,20210525,20210918,3.3,3.3
PF_0000347_01,533,20210525,20210918,4.9,4.9
PF_0000347_01,533,20210525,20210918,5.4,5.4
PF_0000347_01,533,20210525,20210918,6.4,6.4
PF_0000347_01,533,20210525,20210918,6.9,5.2
PF_0000347_01,545,20210601,20210923,3.2,3.2
PF_0000347_01,545,20210601,20210923,3.2,2.3
PF_0000347_01,545,20210601,20210923,3.2,3.2
PF_0000347_01,545,20210601,20210923,3.1,1.2
PF_0000347_01,545,20210601,20210923,3.1,3.1
PF_0000347_01,545,20210601,20210926,3,3.1
PF_0000347_01,545,20210601,20210923,3.1,3.1
PF_0000347_01,545,20210601,20210923,3.1,3.1
PF_0000347_01,1388,20210510,20210901,3.1,3.1
PF_0000347_01,1388,20210510,20210901,3.1,3.1
PF_0000347_01,1388,20210510,20210901,3.1,3.1
PF_0000347_01,298,20210607,20210929,3.2,1.3
PF_0000347_01,298,20210607,20210929,3.2,3.2
PF_0000347_01,47,20210607,20210929,3.2,3.2
PF_0000347_01,47,20210607,20210929,3.2,1.3
PF_0000347_01,302,20210517,20210911,8.7,3.9
PF_0000347_01,302,20210517,20210911,7.9,6.1
PF_0000347_01,302,20210517,20210911,9.2,4
PF_0000347_01,302,20210517,20210908,3.2,1.3
PF_0000347_01,302,20210517,20210908,3.2,3.2
PF_0000347_01,302,20210517,20210911,9.7,9.5
PF_0000347_01,302,20210517,20210911,10.2,4.4
PF_0000347_01,302,20210517,20210911,8.4,8.4
PF_0000347_01,302,20210517,20210911,6.9,6.9
PF_0000347_01,302,20210517,20210911,7.4,7.4
PF_0000347_01,1588,20210601,20210923,3.2,3.2
PF_0000347_01,1588,20210601,20210924,3,3.1
PF_0000347_01,1588,20210601,20210923,3.2,3.2
PF_0000347_01,1588,20210601,20210923,3.1,3.1
PF_0000347_01,1588,20210601,20210923,3.1,3.1
PF_0000347_01,1588,20210601,20210924,3.3,1.9
PF_0000347_01,1588,20210601,20210924,3.8,3.1
PF_0000347_01,1588,20210601,20210923,3.2,2.3
PF_0000347_01,1562,20210530,20210921,3.1,3.1
PF_0000347_01,1562,20210530,20210921,3.1,1.2
PF_0000347_01,1562,20210530,20210921,3.2,3.2
PF_0000347_01,1562,20210530,20210921,3.1,3.1
PF_0000347_01,1562,20210530,20210921,3.1,3.1
PF_0000347_01,1562,20210530,20210921,3.1,2.2
PF_0000347_01,1562,20210530,20210925,3,3.1
PF_0000347_01,1562,20210530,20210925,3.3,3.3
PF_0000347_01,1613,20210530,20210921,3.2,3.2
PF_0000347_01,1613,20210530,20210921,3.3,3.1
PF_0000347_01,1613,20210530,20210921,4.4,1.9
PF_0000347_01,1613,20210530,20210921,4.9,4.9
PF_0000347_01,1613,20210530,20210921,3,1.5
PF_0000347_01,1613,20210530,20210921,5.4,3.6
PF_0000347_01,1613,20210530,20210921,3.1,2.5
PF_0000347_01,1613,20210530,20210921,3.8,2.7
PF_0000347_01,1614,20210517,20210910,8.4,6.5
PF_0000347_01,1614,20210517,20210910,8.7,8.7
PF_0000347_01,1614,20210517,20210908,3.2,3.2
PF_0000347_01,1614,20210517,20210910,9.7,4.2
PF_0000347_01,1614,20210517,20210910,7.4,7.4
PF_0000347_01,1614,20210517,20210908,3.2,1.3
PF_0000347_01,1614,20210517,20210910,9.2,9.2
PF_0000347_01,1614,20210517,20210910,10.2,10.2
PF_0000347_01,1614,20210517,20210910,7.9,7.9
PF_0000347_01,1614,20210517,20210910,10.5,10.5
PF_0000347_01,1620,20210517,20210908,3.2,1.3
PF_0000347_01,1620,20210517,20210910,9.2,6.1
PF_0000347_01,1620,20210517,20210910,7.4,3.4
PF_0000347_01,1620,20210517,20210910,8.4,4.8
PF_0000347_01,1620,20210517,20210910,8.7,6.2
PF_0000347_01,1620,20210517,20210908,3.2,2.8
PF_0000347_01,1620,20210517,20210910,10.2,7.9
PF_0000347_01,1620,20210517,20210910,7.9,4.9
PF_0000347_01,1620,20210517,20210910,10.5,7.9
PF_0000347_01,1620,20210517,20210910,9.7,1.5
PF_0000347_01,1622,20210510,20210904,3,2.5
PF_0000347_01,1622,20210510,20210904,11.1,7.6
PF_0000347_01,1622,20210510,20210904,11.1,3.6
PF_0000347_01,1622,20210510,20210904,10.2,3.3
PF_0000347_01,1622,20210510,20210904,11.1,5.1
PF_0000347_01,1622,20210510,20210904,10.5,6.7
PF_0000347_01,1622,20210510,20210904,10.8,2.8
PF_0000347_01,1622,20210510,20210901,3.1,3.1
PF_0000347_01,1622,20210510,20210904,3.3,2.7
PF_0000347_01,1622,20210510,20210904,11.1,2.4
PF_0000347_01,1622,20210510,20210904,11.1,3.7
PF_0000347_01,1174,20210607,20210929,3.5,2.5
PF_0000347_01,1174,20210607,20210929,3.5,3.5
PF_0000347_01,1174,20210607,20210929,3.2,3.2
PF_0000347_01,1174,20210607,20210929,3.2,3.2
PF_0000347_01,1174,20210607,20210929,3.2,3.2
PF_0000347_01,1174,20210607,20210929,3.2,3.2
PF_0000347_01,1174,20210607,20210929,3.5,3.5
PF_0000347_01,1174,20210607,20210929,3.2,1.3
PF_0000347_01,1178,20210517,20210909,8.4,6.5
PF_0000347_01,1178,20210517,20210909,9.2,6.2
PF_0000347_01,1178,20210517,20210909,7.9,5.2
PF_0000347_01,1178,20210517,20210909,8.7,5.1
PF_0000347_01,1178,20210517,20210908,3.2,1.3
PF_0000347_01,1178,20210517,20210909,10.2,3.7
PF_0000347_01,1178,20210517,20210908,3.2,3.2
PF_0000347_01,1178,20210517,20210909,9.7,4.2
PF_0000347_01,1178,20210517,20210909,10.5,7.3
PF_0000347_01,1178,20210517,20210909,10.8,4.8
PF_0000347_01,1179,20210531,20210923,3.3,3.4
PF_0000347_01,1179,20210531,20210922,3.1,2.2
PF_0000347_01,1179,20210531,20210922,3.1,3.1
PF_0000347_01,1179,20210531,20210922,3.2,3.2
PF_0000347_01,1179,20210531,20210922,3.1,3.1
PF_0000347_01,1179,20210531,20210923,3.8,3.8
PF_0000347_01,1179,20210531,20210923,4.4,4.4
PF_0000347_01,1179,20210531,20210922,3.2,3.2
PF_0000347_01,1184,20210529,20210918,3.3,3.3
PF_0000347_01,1184,20210529,20210918,5.9,2.9
PF_0000347_01,1184,20210529,20210918,4.4,3.3
PF_0000347_01,1184,20210529,20210918,4.9,4.9
PF_0000347_01,1184,20210529,20210918,3.8,3.8
PF_0000347_01,1184,20210529,20210918,6.4,6.4
PF_0000347_01,1184,20210529,20210918,6.9,6.8
PF_0000347_01,1184,20210529,20210918,5.4,5.4
PF_0000347_01,1191,20210601,20210923,3.2,2.3
PF_0000347_01,1191,20210601,20210923,3.1,3.1
PF_0000347_01,1191,20210601,20210923,3.2,3.2
PF_0000347_01,1191,20210601,20210923,3.1,2.5
PF_0000347_01,1191,20210601,20210923,3.8,3.8
PF_0000347_01,1191,20210601,20210923,3.2,3.2
PF_0000347_01,1191,20210601,20210923,4.4,4.4
PF_0000347_01,1191,20210601,20210923,3.3,3.4
PF_0000347_01,1192,20210510,20210902,10.8,8.9
PF_0000347_01,1192,20210510,20210902,11.1,6.6
PF_0000347_01,1192,20210510,20210902,3.3,2.5
PF_0000347_01,1192,20210510,20210902,3.8,2
PF_0000347_01,1192,20210510,20210902,4.4,4.4
PF_0000347_01,1192,20210510,20210902,11.1,4
PF_0000347_01,1192,20210510,20210902,11.1,7.3
PF_0000347_01,1192,20210510,20210902,11.1,10.1
PF_0000347_01,1192,20210510,20210902,11.1,7.7
PF_0000347_01,1192,20210510,20210902,11.1,4.7
PF_0000347_01,1192,20210510,20210902,11.1,5.3
PF_0000347_01,1194,20210601,20210923,3.2,1.2
PF_0000347_01,1194,20210601,20210923,3.1,1.2
PF_0000347_01,1194,20210601,20210924,3,1.2
PF_0000347_01,1194,20210601,20210924,3.3,1.2
PF_0000347_01,1194,20210601,20210923,3.2,1.2
PF_0000347_01,1194,20210601,20210923,3.1,1.2
PF_0000347_01,1194,20210601,20210924,3.8,1.2
PF_0000347_01,1194,20210601,20210923,3.2,0.9
PF_0000347_01,1645,20210510,20210903,11.1,3.9
PF_0000347_01,1645,20210510,20210903,11.1,10.8
PF_0000347_01,1645,20210510,20210903,10.5,6.1
PF_0000347_01,1645,20210510,20210903,11.1,5.7
PF_0000347_01,1645,20210510,20210903,3.3,2.6
PF_0000347_01,1645,20210510,20210903,3,2.7
PF_0000347_01,1645,20210510,20210903,11.1,5.4
PF_0000347_01,1645,20210510,20210903,10.8,7.6
PF_0000347_01,1645,20210510,20210903,11.1,7
PF_0000347_01,1645,20210510,20210903,3.8,3.8
PF_0000347_01,1645,20210510,20210903,11.1,10.3
PF_0000347_01,1656,20210519,20210912,6.4,6.4
PF_0000347_01,1656,20210519,20210912,8.7,3.9
PF_0000347_01,1656,20210519,20210910,3.2,3.2
PF_0000347_01,1656,20210519,20210910,3.2,1.3
PF_0000347_01,1656,20210519,20210912,8.4,7.3
PF_0000347_01,1656,20210519,20210912,7.9,7.9
PF_0000347_01,1656,20210519,20210912,6.9,6.9
PF_0000347_01,1656,20210519,20210912,9.2,9.2
PF_0000347_01,1656,20210519,20210912,9.7,9.1
PF_0000347_01,1656,20210519,20210912,7.4,5.7
PF_0000347_01,1672,20210510,20210904,10.8,51
PF_0000347_01,1672,20210510,20210904,11.1,0
PF_0000347_01,1672,20210510,20210901,3.1,2.7
PF_0000347_01,1672,20210510,20210904,3.3,1.9
PF_0000347_01,1672,20210510,20210904,3,0.6
PF_0000347_01,1672,20210510,20210904,11.1,0
PF_0000347_01,1672,20210510,20210904,11.1,0
PF_0000347_01,1672,20210510,20210904,11.1,4.5
PF_0000347_01,1672,20210510,20210904,11.1,3.9
PF_0000347_01,1672,20210510,20210904,10.5,0.6
PF_0000347_01,1672,20210510,20210904,10.2,0.3
PF_0000347_01,360,20210512,20210903,3.5,1.8
PF_0000347_01,360,20210512,20210903,3.5,3.5
PF_0000347_01,360,20210512,20210903,3.5,3.5
PF_0000347_01,360,20210512,20210903,3.5,1.5
PF_0000347_01,360,20210512,20210903,3.5,3.5
PF_0000347_01,360,20210512,20210903,3.5,2.9
PF_0000347_01,361,20210607,20210929,3.2,3.2
PF_0000347_01,361,20210607,20210929,3.5,3.5
PF_0000347_01,361,20210607,20210929,3.2,1.3
PF_0000347_01,361,20210607,20210929,3.5,2.5
PF_0000347_01,361,20210607,20210929,3.2,3.2
PF_0000347_01,361,20210607,20210929,3.5,3.5
PF_0000347_01,361,20210607,20210929,3.2,3.2
PF_0000347_01,361,20210607,20210929,3.2,3.2
PF_0000347_01,1711,20210517,20210909,10.2,2.8
PF_0000347_01,1711,20210517,20210909,8.7,4.2
PF_0000347_01,1711,20210517,20210908,3.2,2.5
PF_0000347_01,1711,20210517,20210908,3.2,2
PF_0000347_01,1711,20210517,20210909,10.5,5.8
PF_0000347_01,1711,20210517,20210909,7.9,6.4
PF_0000347_01,1711,20210517,20210909,8.4,5.9
PF_0000347_01,1711,20210517,20210909,10.8,10.6
PF_0000347_01,1711,20210517,20210909,9.2,5.3
PF_0000347_01,1711,20210517,20210909,9.7,7.7
PF_0000347_01,1724,20210524,20210916,4.9,4
PF_0000347_01,1724,20210524,20210916,5.4,3
PF_0000347_01,1724,20210524,20210916,4.4,3.3
PF_0000347_01,1724,20210524,20210915,3.5,3.5
PF_0000347_01,1724,20210524,20210915,3.5,1.4
PF_0000347_01,1724,20210524,20210916,5.9,4.6
PF_0000347_01,1724,20210524,20210916,7.4,6.6
PF_0000347_01,1724,20210524,20210916,6.4,6.4
PF_0000347_01,1724,20210524,20210916,7.9,4.2
PF_0000347_01,1724,20210524,20210916,6.9,3.3
PF_0000347_01,1738,20210531,20210922,3.1,1.2
PF_0000347_01,1738,20210531,20210922,3.2,3.2
PF_0000347_01,1738,20210531,20210922,3.2,1.9
PF_0000347_01,1738,20210531,20210922,3.1,3.1
PF_0000347_01,1738,20210531,20210922,3.1,2.2
PF_0000347_01,1738,20210531,20210925,3,3.1
PF_0000347_01,1738,20210531,20210922,3.1,3.1
PF_0000347_01,1738,20210531,20210925,3.3,2.7
PF_0000347_01,1740,20210525,20210919,3,1.2
PF_0000347_01,1740,20210525,20210919,3.3,1.5
PF_0000347_01,1740,20210525,20210919,4.9,4.9
PF_0000347_01,1740,20210525,20210919,5.9,1.6
PF_0000347_01,1740,20210525,20210919,3.8,1.8
PF_0000347_01,1740,20210525,20210919,5.4,2.7
PF_0000347_01,1740,20210525,20210919,4.4,2.2
PF_0000347_01,1740,20210525,20210919,6.4,1
PF_0000347_01,1746,20210601,20210923,3.1,3.1
PF_0000347_01,1746,20210601,20210923,3.1,1.2
PF_0000347_01,1746,20210601,20210923,3.2,3.2
PF_0000347_01,1746,20210601,20210923,3.1,3.1
PF_0000347_01,1746,20210601,20210923,3.2,2.3
PF_0000347_01,1746,20210601,20210923,3.2,3.2
PF_0000347_01,1746,20210601,20210925,3,3.1
PF_0000347_01,1746,20210601,20210925,3.3,3.3
PF_0000347_01,1751,20210510,20210904,10.8,6.1
PF_0000347_01,1751,20210510,20210904,11.1,9.5
PF_0000347_01,1751,20210510,20210904,10.2,10.2
PF_0000347_01,1751,20210510,20210904,10.5,10
PF_0000347_01,1751,20210510,20210901,3.1,1.2
PF_0000347_01,1751,20210510,20210904,3,1.2
PF_0000347_01,1751,20210510,20210904,3.3,1.2
PF_0000347_01,1751,20210510,20210904,11.1,11
PF_0000347_01,1751,20210510,20210904,11.1,3.3
PF_0000347_01,1751,20210510,20210904,11.1,10.3
PF_0000347_01,1751,20210510,20210904,11.1,10.7
PF_0020426,45,20210601,20210923,2,3.3
PF_0020426,45,20210531,20210922,1.8,0.8
PF_0020426,45,20210531,20210922,1.4,1.6
PF_0020426,45,20210531,20210922,1.8,1.6
PF_0020426,45,20210531,20210922,1,0.4
PF_0020426,45,20210531,20210922,2.3,2.3
PF_0020426,45,20210601,20210923,1.7,3
PF_0020426,47,20210518,20210909,7.5,4.7
PF_0020426,47,20210518,20210909,8,5.1
PF_0020426,47,20210518,20210909,6,3.8
PF_0020426,47,20210518,20210909,7.8,4.6
PF_0020426,47,20210518,20210909,6.5,4.1
PF_0020426,47,20210518,20210909,8,5.2
PF_0020426,47,20210518,20210909,7,5.8
PF_0020426,84,20210601,20210923,1,1
PF_0020426,84,20210601,20210923,1.5,2.5
PF_0020426,84,20210601,20210923,1.5,1.5
PF_0020426,84,20210601,20210923,1.5,2.5
PF_0020426,92,20210601,20210923,1.5,0.6
PF_0020426,92,20210601,20210923,1.5,1.5
PF_0020426,92,20210601,20210923,1,0.4
PF_0020426,92,20210601,20210923,2,0.6
PF_0020426,92,20210601,20210923,1.5,1.5
PF_0020426,94,20210527,20210918,3,3.5
PF_0020426,94,20210527,20210918,3.5,4
PF_0020426,94,20210527,20210918,1.5,2
PF_0020426,94,20210527,20210918,4,4.5
PF_0020426,94,20210527,20210918,2.5,3
PF_0020426,94,20210527,20210918,2,2.5
PF_0020426,100,20210526,20210917,4,3.3
PF_0020426,100,20210526,20210917,4.5,3.9
PF_0020426,100,20210526,20210917,2,2
PF_0020426,100,20210526,20210917,5,4.1
PF_0020426,100,20210526,20210917,2.5,2.5
PF_0020426,101,20210525,20210916,2.5,2.5
PF_0020426,101,20210525,20210916,4,4
PF_0020426,101,20210525,20210916,5,5
PF_0020426,101,20210525,20210916,4.5,4.5
PF_0020426,101,20210525,20210916,5.5,5.5
PF_0020426,101,20210525,20210916,3.5,3.5
PF_0020426,101,20210525,20210916,3,3
PF_0020426,103,20210601,20210923,1.6,1.6
PF_0020426,103,20210604,20210926,1.6,1.9
PF_0020426,103,20210603,20210925,1.6,1.6
PF_0020426,103,20210601,20210923,1.9,1.7
PF_0020426,103,20210603,20210925,1.9,1.7
PF_0020426,103,20210606,20210928,1.9,1.6
PF_0020426,103,20210601,20210923,2.2,1.3
PF_0020426,111,20210518,20210909,6,4.9
PF_0020426,111,20210518,20210909,7.5,4.7
PF_0020426,111,20210518,20210909,7,4.4
PF_0020426,111,20210518,20210909,6.5,4.4
PF_0020426,111,20210518,20210909,8,4.7
PF_0020426,111,20210518,20210909,8,4.2
PF_0020426,111,20210518,20210909,7.8,4.7
PF_0020426,124,20210601,20210923,1.5,2.5
PF_0020426,124,20210601,20210923,1,0.6
PF_0020426,124,20210601,20210923,1.5,2.5
PF_0020426,124,20210601,20210923,2,1.2
PF_0020426,124,20210601,20210923,2,1
PF_0020426,124,20210601,20210923,1.5,2.5
PF_0020426,124,20210601,20210923,1.5,2.5
PF_0021284,156,20210514,20210905,1,0.7
PF_0021284,175,20210514,20210905,5,5
PF_0021284,175,20210514,20210905,5.5,5.5
PF_0021284,175,20210514,20210905,5.5,5.5
PF_0021284,175,20210514,20210905,5.5,5.5
PF_0021284,175,20210513,20210904,1,1
PF_0021284,175,20210513,20210904,0,3
PF_0021284,195,20210514,20210905,1,0.7
PF_0021284,196,20210603,20210925,1.8,1.8
PF_0021284,196,20210603,20210925,2.5,2
PF_0021284,196,20210603,20210925,1,1
PF_0021284,196,20210603,20210925,1,1
PF_0021284,196,20210603,20210925,2,2
PF_0021284,201,20210528,20210919,0,2
PF_0021284,201,20210528,20210919,1,2.6
PF_0021284,201,20210604,20210926,0,2.7
PF_0021284,201,20210528,20210919,3,3
PF_0021284,201,20210528,20210919,1.6,2.6
PF_0021284,206,20210528,20210919,1.6,1.6
PF_0021284,206,20210528,20210919,0,2
PF_0021284,206,20210528,20210919,3,3
PF_0021284,206,20210528,20210919,1,2.6
PF_0021284,206,20210603,20210925,1,4
PF_0021284,221,20210519,20210910,5,5
PF_0021284,221,20210519,20210910,5,5
PF_0021284,221,20210519,20210910,5.5,5.5
PF_0021284,221,20210519,20210910,5,5
PF_0021284,221,20210519,20210910,5,5
PF_0021284,222,20210513,20210904,5.5,5.5
PF_0021284,222,20210513,20210904,5.5,5.5
PF_0021284,222,20210512,20210903,1,0.7
PF_0021284,222,20210513,20210904,5.5,5.5
PF_0021284,224,20210528,20210919,0,2
PF_0021284,224,20210528,20210919,3,3
PF_0021284,224,20210528,20210919,1,1
PF_0021284,224,20210528,20210919,4,4
PF_0021284,224,20210528,20210919,1.6,1.6
PF_0021284,225,20210528,20210919,1.6,2.3
PF_0021284,225,20210528,20210919,1,3.1
PF_0021284,225,20210528,20210919,0,2
PF_0021284,225,20210601,20210923,2,2.3
PF_0021284,225,20210601,20210923,1,3.1
PF_0021284,256,20210514,20210905,1,0.7
PF_0021284,258,20210517,20210908,5,5
PF_0021284,258,20210517,20210908,5,5
PF_0021284,258,20210517,20210908,5.5,5.5
PF_0021284,258,20210513,20210904,0,3
PF_0021284,258,20210513,20210904,1,1
PF_0021284,258,20210517,20210908,5,5
PF_0021284,261,20210515,20210906,5,5
PF_0021284,261,20210515,20210906,5.5,5.5
PF_0021284,261,20210515,20210906,5.5,5.5
PF_0021284,265,20210526,20210917,1.6,2.6
PF_0021284,265,20210529,20210920,2.5,2.5
PF_0021284,265,20210529,20210920,1,2.5
PF_0021284,265,20210526,20210917,2,2
PF_0021284,265,20210529,20210920,3.5,3.5
PF_0021284,266,20210519,20210910,5,5
PF_0021284,266,20210519,20210910,5,5
PF_0021284,266,20210519,20210910,5,5
PF_0021284,266,20210519,20210910,5,5
PF_0021284,266,20210519,20210910,5.5,5.5
PF_0021284,267,20210526,20210917,1.6,1.6
PF_0021284,267,20210529,20210920,2.5,2.5
PF_0021284,267,20210529,20210920,1,1.7
PF_0021284,267,20210526,20210917,2,1.5
PF_0021284,267,20210529,20210920,3.5,3.5
PF_0021284,268,20210529,20210920,2.5,2.5
PF_0021284,268,20210527,20210918,1,1
PF_0021284,268,20210527,20210918,1.6,1.6
PF_0021284,268,20210527,20210918,2,2
PF_0021284,268,20210529,20210920,3.5,3.5
PF_0021284,269,20210527,20210918,2,2
PF_0021284,269,20210527,20210918,1.6,1.6
PF_0021284,269,20210527,20210918,3.5,3.5
PF_0021284,269,20210527,20210918,1,0.8
PF_0021284,269,20210527,20210918,4.5,4.5
PF_0021284,271,20210522,20210913,4.5,4.5
PF_0021284,271,20210522,20210913,3.5,3.5
PF_0021284,271,20210522,20210913,4,4
PF_0021284,271,20210522,20210913,5,5
PF_0021284,271,20210522,20210913,5,5
PF_0021284,286,20210514,20210905,1,0.7
PF_0021284,299,20210518,20210909,5,5
PF_0021284,299,20210518,20210909,5.5,5.5
PF_0021284,299,20210518,20210909,5,5
PF_0021284,299,20210514,20210905,1,1
PF_0021284,299,20210518,20210909,5,5
PF_0021284,299,20210514,20210905,1.3,1.3
PF_0021284,306,20210511,20210902,5.5,5.5
PF_0021284,306,20210511,20210902,6,6
PF_0021284,306,20210511,20210902,1.6,1.4
PF_0021284,309,20210528,20210919,0,2
PF_0021284,309,20210529,20210920,2.5,2.5
PF_0021284,309,20210528,20210919,1.6,1.6
PF_0021284,309,20210528,20210919,1,1.9
PF_0021284,309,20210529,20210920,3.5,3.5
PF_0021284,316,20210520,20210911,5,5
PF_0021284,316,20210520,20210911,4.5,4.5
PF_0021284,316,20210520,20210911,5,5
PF_0021284,316,20210520,20210911,5.5,5.5
PF_0021284,316,20210520,20210911,5,5
PF_0021284,318,20210528,20210919,1.6,1.6
PF_0021284,318,20210528,20210919,0,2
PF_0021284,318,20210528,20210919,1,2.6
PF_0021284,318,20210530,20210921,2,2
PF_0021284,318,20210530,20210921,3,3
PF_0021284,319,20210527,20210918,3.5,3.1
PF_0021284,319,20210527,20210918,1,1.7
PF_0021284,319,20210527,20210918,2,1.7
PF_0021284,319,20210527,20210918,1.6,1.4
PF_0021284,319,20210527,20210918,4.5,4.5
PF_0021284,320,20210528,20210919,0,2
PF_0021284,320,20210528,20210919,1,2.6
PF_0021284,320,20210528,20210919,3,2.1
PF_0021284,320,20210603,20210925,1,4
PF_0021284,320,20210528,20210919,1.6,2.6
PF_0021284,346,20210518,20210909,5,5
PF_0021284,346,20210518,20210909,5,5
PF_0021284,346,20210518,20210909,5,5
PF_0021284,346,20210518,20210909,5.5,5.5
PF_0021284,351,20210520,20210911,4.5,4.5
PF_0021284,351,20210520,20210911,5,5
PF_0021284,351,20210520,20210911,5.5,5.5
PF_0021284,351,20210520,20210911,5,5
PF_0021284,351,20210520,20210911,5,5
PF_0021284,363,20210514,20210905,1,0.7
PF_0021283,290,20210525,20210916,6,5.7
PF_0021283,290,20210525,20210916,9,4.9
PF_0021283,291,20210510,20210901,9,4.3
PF_0021283,319,20210526,20210917,5,5
PF_0021283,319,20210526,20210917,8,8
PF_0021283,338,20210530,20210921,1,0.9
PF_0021283,338,20210530,20210921,4,2.6
PF_0021283,350,20210529,20210920,2,2
PF_0021283,350,20210529,20210920,5,5
PF_0021283,1,20210521,20210912,9,9
PF_0021283,1,20210521,20210912,9,9
PF_0021283,27,20210511,20210902,9,6.9
PF_0021283,399,20210511,20210902,9,8.4
PF_0021283,416,20210528,20210919,3,4
PF_0021283,416,20210528,20210919,6,6.1
PF_0021283,422,20210524,20210915,7,5.7
PF_0021283,422,20210524,20210915,9,6.1
PF_0021283,423,20210523,20210914,8,7.1
PF_0021283,423,20210528,20210919,6,6.1
