模曖謙盟,模曖撩滌,轎儅喇錯,轎儅舒熱
幫辦,熱,202001,8297
幫辦,熱,202002,7368
幫辦,熱,202003,7753
幫辦,熱,202004,6260
幫辦,熱,202005,4654
幫辦,熱,202006,6838
幫辦,熱,202007,9520
幫辦,熱,202008,9015
幫辦,熱,202009,8969
幫辦,熱,202010,9459
幫辦,熱,202011,8545
幫辦,熱,202012,8427
幫辦,懍,202001,1129
幫辦,懍,202002,1022
幫辦,懍,202003,1041
幫辦,懍,202004,806
幫辦,懍,202005,630
幫辦,懍,202006,923
幫辦,懍,202007,1256
幫辦,懍,202008,1139
幫辦,懍,202009,1062
幫辦,懍,202010,1075
幫辦,懍,202011,837
幫辦,懍,202012,785
薔模,懍,202001,7401
薔模,懍,202002,6367
薔模,懍,202003,6603
薔模,懍,202004,5494
薔模,懍,202005,4034
薔模,懍,202006,5805
薔模,懍,202007,7968
薔模,懍,202008,7948
薔模,懍,202009,7626
薔模,懍,202010,8186
薔模,懍,202011,7437
薔模,懍,202012,7455
и辦,熱,202001,30067
и辦,熱,202002,38994
и辦,熱,202003,62507
и辦,熱,202004,70913
и辦,熱,202005,63656
и辦,熱,202006,51649
и辦,熱,202007,42747
и辦,熱,202008,39018
и辦,熱,202009,32116
и辦,熱,202010,31780
и辦,熱,202011,29044
и辦,熱,202012,30106
и辦,懍,202001,28962
и辦,懍,202002,37627
и辦,懍,202003,61209
и辦,懍,202004,67390
и辦,懍,202005,59975
и辦,懍,202006,48458
и辦,懍,202007,40335
и辦,懍,202008,36575
и辦,懍,202009,30029
и辦,懍,202010,29332
и辦,懍,202011,26538
и辦,懍,202012,28143
